x1,x2,y
-1.52257654550779,1.5249285132271841,1
-1.2791622209676876,1.3093044623288046,1
-1.6680494217101831,1.4218623727071646,1
-1.4604085152976185,1.3521006293834192,1
-1.52257654550779,1.5249285132271841,1
-1.5495990258949026,1.58799719834048,1
-1.2986511429141019,1.5104137372924569,1
-1.5066981006127365,1.4680977705351335,1
-1.509245074205582,1.5249285132271841,1
-1.300800506708506,1.6241222740479777,1
-1.6167475351390705,1.4748153284605352,1
-1.4257792986906828,1.4207396512662083,1
-1.495913602903374,1.5249285132271841,1
-1.6875748105631978,1.2748162355007189,1
-1.580807386965692,1.7586516811592214,1
-1.4692506602989577,1.5249285132271841,1
-1.2668885872486912,1.63739233450913,1
-1.6944079681635034,1.309589052264641,1
-1.2661607675712714,1.4276492757392192,1
-1.389261832485709,1.4372909207790368,1
-1.449387305316961,1.5466175591326663,1
-1.4507799388052793,1.565782333140137,1
-1.5597721929899369,1.2179089051898588,1
-1.3226044759746685,1.3621729843949104,1
-1.226196850738398,1.2139908648026085,1
-1.3796434532357689,1.337454548547858,1
-1.1376722199364577,1.5201451808173592,1
-1.2959415333702522,1.3371336722668683,1
-1.26657266337436,1.2248983852875015,1
-1.2584703761023972,1.5117670783099062,1
-1.3939173035808288,1.5435077329048157,1
-1.269278590765836,1.3246140162028472,1
-1.3781945169446999,1.3941149988781256,1
-1.4407556709132194,1.2568235406766646,1
-1.4458157308320072,1.196559201432078,1
-1.2559471194636278,1.2995747040748051,1
-1.509245074205582,1.5391824170885056,1
-1.1800917709863818,1.3676536053090491,1
-1.4503495295879931,1.3231006379242902,1
-1.2292841768592118,1.262015735882742,1
-1.3532579358828574,1.3690383018051109,1
-1.3186894867884111,1.09523661970277,1
-1.3992020481175027,1.380790029709408,1
-1.1892897629525874,1.1868977994986154,1
-1.2594246817461054,-1.3295530693696185,1
-1.1356499237276234,1.2286116480455371,1
-1.2291400035294993,1.1056867328006121,1
-1.149295349045963,1.1368191752425312,1
-1.267774423522309,1.1236044805815877,1
-1.30611400189619,0.9266629571808004,1
-1.1381308668097383,0.926011231585997,1
-1.1359638777437548,1.099260207050468,1
-1.2903754001356553,0.9690568643057706,1
-1.1443826553442644,0.9501649031188738,1
-1.363014571822231,1.3458867547489917,1
-1.0826379925349225,1.0366619267303627,1
-1.1466287011015877,1.1837522575715351,1
-0.8477869912730354,0.9589194013237048,1
-1.0562671012724913,1.2091542577507275,1
-1.02931210732609,0.9740636464102574,1
-0.8335332174571829,0.9482863081942314,1
-0.8326480890846912,0.9246662142618818,1
-1.2578348051404296,1.1909337167043914,1
-1.0159806360238819,0.9365046782181942,1
-1.154769707098968,1.0625523999451802,1
-1.1389521454335751,0.9118941512899025,1
-1.0529165616485252,0.7434826635099202,1
-0.9626547508150495,0.8739063978980889,1
-1.1359423640819408,1.0405730209620354,1
-0.835942794507123,0.6913765170108772,1
-1.2088034727701673,0.7353301246410552,1
-0.9226603369084252,0.8363474297060257,1
-0.7784901003639539,0.8462678795990057,1
-1.0061855679857232,0.6071219245528382,1
-0.8951176229166306,0.8329675121804369,1
-0.8959973943040089,0.8113081175779836,1
-1.092426980622279,1.0475937750353297,1
-0.8400588758731321,1.0114126226615519,1
-1.1508658115632404,0.8197932368535062,1
-0.8826659230018009,0.7862688054499415,1
-1.1452085159947878,0.7547123854813972,1
-1.0206287089523174,0.6056199992556486,1
-1.142168558457917,0.8081429736254039,1
-0.8560029803973846,0.7612294933218993,1
-1.0828967347959149,0.5475316164230849,1
-0.914768431452047,0.9037186762859316,1
-0.8575157497727692,0.5800873045088557,1
-0.8293400377929684,0.7236705251298361,1
-0.8259762264226913,0.7824738877423044,1
-0.9369163861397993,0.8640722645234492,1
-0.8495218917562929,0.8512316749636103,1
-0.8160085664907603,0.711150869065815,1
-0.6859347328090988,0.7343461879694481,1
-1.0468169439933457,0.6459001048026985,1
-0.9600720784749803,0.6085138606652154,1
-0.789345623886344,0.698631213001794,1
-0.8439245296834854,0.8709140327109863,1
-0.7595603423180889,0.7123353791409339,1
-1.509245074205582,0.5472110016777105,1
-0.7626826812819277,0.6610722448097308,1
-0.9007215683365966,0.6313555189408999,1
-1.0080457850991098,0.8757271418707941,1
-0.578709875368886,0.6417178390773621,1
-0.7093567960730952,0.5859543084256044,1
-0.7395680792075945,0.6948811970406307,1
-0.45081030013787976,0.5961220827469669,1
-0.8220162863148122,0.5306408512715718,1
-0.6560309108642628,0.5233560281054991,1
-0.4311956949458757,0.3132948675355793,1
-0.7499992120054177,0.5079688835378032,1
-0.8397756622301027,0.563903778734689,1
-0.5627106117488061,0.4482380917213727,1
-0.3095681170267983,0.24118634523059382,1
-0.5536205865693475,0.409982428832283,1
-0.5335537041477363,0.6765511054982308,1
-0.5227161978421817,0.4106791235293095,1
-0.3454171616581097,0.28201087177748446,1
-0.6962159849410304,0.5642539109479691,1
-0.5958968970926064,0.26822579185238216,1
-0.4960532552377655,0.39815946746528846,1
-0.7507039825021591,0.5670480133592831,1
-0.3337161628914693,0.6305039370684842,1
-0.31600073030519976,0.28736818472110026,1
-0.4827217839355574,0.3606004992732253,1
-0.457780791489861,0.2507840594232655,1
-0.46101130614460206,0.48110504800328335,1
-0.6331827783716328,0.27539660702404595,1
-0.3494070709134764,0.2854825628890989,1
-0.37286417488327306,0.17849136423885836,1
-0.24464582057672674,0.12036958979341832,1
-0.18918088200008049,0.3883988103245333,1
-0.10944058747373042,0.12272703405682509,1
0.12955606223781008,0.3715167827661837,1
0.0857875965799377,0.36861676769526835,1
0.06828234550389656,-0.05109035645352998,1
-0.029451759673813225,0.07264840980074082,1
0.12859011972611126,-0.12567485996435326,1
-0.16117383712890088,0.1983543546073929,1
0.23672434276689072,0.12772312164574803,1
0.02387412553501921,0.022569785544656554,1
0.03612805519278469,-0.09470746176959169,1
0.1157497141825118,0.19418232560387658,1
-0.2004268343238948,-0.21051250094307017,1
0.09053148204605975,-0.027508838711427702,1
0.18749647522039148,-0.08951662895248723,1
-0.07867908372289041,0.07389551089477925,1
-0.0019230424603962465,-0.20736253156481935,1
0.15718883855710028,-0.11514643115957514,1
0.3039541985159093,0.050529886233331434,1
0.41639918591763253,0.020141443583208657,1
0.21185198460158472,-0.24821588174027653,1
0.2238461950814723,-0.17774471147968046,1
0.009257771374763935,-0.162416099684391,1
0.44320718399521725,0.002945718239224202,1
0.3654489407654491,0.05656388930397293,1
0.26384060898809664,-0.22782333573576471,1
0.26899366751759746,-0.3518648868672264,1
0.434819758948972,-0.03168052333676467,1
0.5050038207452634,-0.3966644899740878,1
0.34382943680134526,-0.3029412721198911,1
0.514311080116556,-0.3286335429036623,1
0.12426079974353202,-0.21523222235759606,1
0.4435276584339627,-0.22975931538035238,1
0.3971553220101777,-0.3780592085040175,1
0.35145932432091725,-0.19843673704698572,1
0.48941345881313225,-0.3915544696589282,1
0.18593631210457773,-0.565839136926406,1
0.47714414982342634,-0.465696800952165,1
0.2449280574722972,-0.5850822484250141,1
0.5419936348432044,-0.4076198047467915,1
0.6448000358173612,-0.473885045754928,1
0.543801506334467,-0.5533343934003124,1
0.43338127746432764,-0.5394197573199353,1
0.7127975652773135,-0.6420407136435123,1
0.3204723058014733,-0.6875392256737719,1
0.5837959202410913,-0.6034130176563967,1
0.745702485519895,-0.7841535867950074,1
0.641248551326401,-0.7538274475121863,1
0.6463948462672514,-0.8261809748540719,1
0.6371218054499237,-0.666011297976502,1
0.8752496460962914,-0.8884905502777858,1
0.7887060868611072,-0.6678144373096362,1
0.40151001658197477,-0.5880053317134069,1
0.6904476906587561,-0.7160899222325863,1
0.43746626317352444,-0.9229060679513141,1
0.7521077515512702,-0.9511762970466406,1
0.9530908164101478,-0.6928052660679979,1
0.7171106332631724,-0.7411292343606284,1
0.5694184319713309,-0.5877867401460843,1
0.7812587490444823,-0.5978550506826841,1
0.8197298525146781,-0.5376787905988151,1
0.7437735758675886,-0.7661685464886705,1
0.762665730498925,-0.6964294653699562,1
0.7437766298410344,-0.9139873619375474,1
0.6111296742187154,-0.7104356043613946,1
0.7704365184720048,-0.7912078586167126,1
0.9926780366569266,-0.8811195614552283,1
0.555280481978152,-1.0355827374083628,1
0.7250810829491333,-0.9092986634795687,1
0.797099461076421,-0.8162471707447547,1
0.96913812238673,-0.9751009838197134,1
0.6649151612341179,-0.8075762015568413,1
1.0191647302783624,-0.9482849984106703,1
0.8637568175874616,-0.853806138936818,1
1.0377231320589069,-0.9482069507495706,1
0.8198548526556784,-0.6755297812753794,1
1.0112661425553089,-0.6041013887852856,1
0.9037512314940859,-0.8788454510648601,1
0.6926073774113338,-0.7346928225892697,1
0.7772503155764265,-0.9667635278780309,1
1.0552049752710342,-0.7398132998219603,1
0.9570771167029182,-0.9038847631929022,1
1.1559388213227502,-0.7298873833463565,1
0.6936412415429617,-0.7937899292596955,1
1.1915074139253123,-0.9724925176102611,1
0.9970715306095425,-0.9414437313849654,1
0.8314223681994993,-0.7406931329242672,1
1.2161289732534868,-1.0483834576226796,1
1.0026983515011159,-1.0386952988054736,1
1.0370659445161667,-0.9539633874489865,1
0.8441600213747112,-0.7095913239523954,1
1.033811095393599,-0.9552271645997056,1
1.036236234803249,-1.0190455387369846,1
1.1037233010272074,-1.0040420117050708,1
1.3134359230127797,-1.0005652546398265,1
1.1432911651774877,-1.1415047534494853,1
0.9116100638365132,-1.0364770248291852,1
1.1703806575382478,-1.054120635961155,1
1.0637370149186918,-0.8064884973435028,1
1.1365283570846703,-1.0159626559357529,1
0.9695532037448865,-0.9372014304032984,1
1.2370380140492885,-1.1041992602172392,1
0.9787263903756988,-1.3087658994240892,1
1.013898103344503,-1.0414033044184114,1
1.1471608446922301,-0.9437934424696556,1
1.2903638992581208,-1.1542778844733235,1
1.1960369946037783,-1.2087028750954238,1
1.5431513999627962,-1.2444667800088902,1
1.3147081615835443,-1.2661229154944766,1
1.3303583131647452,-1.1918368526653866,1
1.1145609750426708,-1.0706976481403891,1
1.5246318866172992,-1.120898412783872,1
1.5341388880902447,-1.343865566473285,1
1.3703527270713696,-1.2168761647934287,1
1.254178044469704,-1.4541249943216203,1
1.4707881244079668,-1.3249046525294361,1
1.3632028146461264,-1.0494381263447585,1
1.4236786122802019,-1.266954789049513,1
1.5029566447048837,-1.2314610257628027,1
1.534890952381375,-1.5048171643545718,1
1.219786507332306,-1.458690960462862,1
1.4903359687912425,-1.3170334133055974,1
1.5855589141605964,-1.423107349864408,1
1.4817482415882348,-1.313997483095699,1
1.3097576426316349,-1.5141671464788595,1
1.5169989113956588,-1.3295530693696185,1
1.7201994673334777,-1.5034817189335004,1
1.274060090307781,-1.0923910486326436,1
1.6944371389386177,-1.3983746754125141,1
1.556993325302283,-1.3545923814976606,1
1.6611274846926456,-1.5541565417310095,1
1.6851104922751838,-1.343830637884832,1
1.569070578450115,-1.4181974637632255,1
1.5836562679066992,-1.3796316936257027,1
1.7428062458031346,-1.3130443253725426,1
1.4436982560997158,-1.414694070879312,1
1.3712900573527247,-1.5480195866114734,1
1.6103192105111155,-1.4046710057537448,1
-1.509245074205582,-1.3719411067790397,1
1.708767829344722,-1.321405819304261,1
1.352627669962708,-1.3510361243660167,1
1.6236506818133236,-1.4171906618177659,1
1.362854221201481,-1.5760154292906559,1
1.8220207111063533,-1.2408390068459119,1
1.7710996966714616,-1.2648515606967283,1
1.6369821531155317,-1.429710317881787,1
1.6405604013350195,-1.4892122982104534,1
1.3995683428725572,-1.4429254571157173,1
1.4836522249887034,-1.5126266866818772,1
1.6236506818133236,-1.429710317881787,1
1.7179219107773256,-1.3715626438360524,1
1.7707738821785715,-1.3133618225983605,1
1.4503415548846181,-1.3295530693696185,1
1.6668753912053007,-1.5350426325821958,1
1.4437225647044882,-1.3280473453583859,1
1.327567398043662,-1.5675927079809564,1
1.2237065427470804,-1.1918368526653866,1
1.4441772145360432,-1.3865462683707213,1
1.2411965893467587,-1.1369803286538331,1
1.4443802381793573,-1.0752543238204553,1
1.1170547723294155,-1.1417582284093024,1
1.3367100935998852,-1.079526090063062,1
1.2086292415548119,-0.968246243265349,1
0.902374435527045,-0.9973045415170924,1
1.0237344732139586,-1.0791599480891971,1
1.2067340867878984,-1.19222074788714,1
0.8814747888858112,-1.1625011646572059,1
0.882746878277412,-1.1800401879595788,1
0.8904197601918777,-0.9664830435130075,1
1.1293888140111203,-0.774695109832055,1
1.025583489758416,-0.915223532495466,1
0.783310517403554,-1.0292370689805321,1
0.7837679897742129,-0.9038847631929022,1
0.9759786182954142,-0.8491938252792205,1
1.0352144959114,-0.9240696506701426,1
0.7914345105771469,-0.8594720527638492,1
0.7171106332631724,-0.853806138936818,1
0.9312097735090019,-0.8086721117787469,1
0.47189393793018136,-0.612975037683647,1
0.8392482144824838,-0.8941004435265963,1
0.543801506334467,-0.7411292343606284,1
0.5671045291583942,-0.49885000352040937,1
0.4731437630981339,-0.9352147000793171,1
0.48306202153006356,-0.7718824696912036,1
0.4904756211256344,-0.6785309540405231,1
0.5417972966661189,-0.6700449293434738,1
0.6663074872987081,-0.5984021969612568,1
0.3557836841962838,-0.8383565886411123,1
0.4104867933123858,-0.6034130176563967,1
0.579423146994376,-0.4486547045831745,1
0.4944376648063705,-0.8238846509631459,1
0.5712576313536359,-0.42044266334372976,1
0.29050355159251284,-0.5157754252082493,1
0.420148266676625,-0.39109289197444236,1
0.09392480184150725,-0.3741425509127796,1
0.24728505013346228,-0.7531848685277102,1
0.2371776663836804,-0.4531771448881439,1
0.4176792509952546,-0.3391069171468817,1
0.4606415241088562,-0.6338642604788133,1
0.23481655736412135,-0.33531863272861717,1
0.17052030985930838,-0.39057886456803853,1
0.4156893853234542,-0.15082979725077814,1
0.028954000432879146,-0.6282841302083636,1
0.06357427554202381,-0.16255309351694033,1
0.11719442465047596,-0.3405002403119543,1
-0.006374418408527523,-0.14610945586288387,1
0.07684585061004916,-0.34866992797971297,1
-0.019941495203283,-0.4225263108292338,1
0.07720001074385165,-0.3029412721198911,1
0.009620904215331969,-0.2775781614979374,1
-0.07926379618835788,-0.13359343412982166,1
-0.18913287803821552,-0.25279111242700547,1
-0.0027888170693970067,-0.21530367967174366,1
0.06252565048541482,-0.11536834431684799,1
-0.03908004032747268,-0.2178827199319762,1
-0.06830626624672548,-0.05523421638113814,1
-0.08277764486931419,-0.14018574328761726,1
-0.27884077837072335,-0.30616559848983044,1
0.11778279657815297,-0.21424995580810793,1
0.027195474516096104,0.05205821532240451,1
-0.16276647268256286,-0.07758746296751196,1
-0.4275944018117803,-0.07793272578576248,1
-0.1987737413477656,-0.05735071832367508,1
-0.1490728883573469,0.07149282250986451,1
-0.2427553004958115,0.010050129480635491,1
-0.08294509534786443,-0.06845590652510396,1
-0.06569637277534855,0.0830293823593097,1
-0.39689641638921863,-0.1441008902571545,1
-0.28274971440243585,0.047609097672698684,1
-0.16546192020444814,-0.19865657920275245,1
-0.47404779731389474,0.08262645993954529,1
-0.4219853950987346,-0.10042866978439872,1
-0.33607559961126826,0.11020737799280401,1
-0.5026884586200344,0.15300931757287756,1
-0.23352563215390368,-0.12290477325808752,1
-0.5110917206542983,0.24066089025772444,1
-0.40273295612230875,0.17280565831290934,1
-0.3143562514592525,0.08244535112074872,1
-0.5375408320582451,0.25512443613542757,1
-0.3211089005709936,0.21116541262723285,1
-0.42939589872672496,0.19784497044095145,1
-0.5337328429937507,0.3909436681678142,1
-0.6292550287009893,0.20134545937812126,1
-0.29311127811710097,0.19837940961916964,1
-0.4827217839355574,0.24792359469703573,1
-0.4163743926644348,0.40186753732038183,1
-0.71319692931462,0.22136123986713457,1
-0.639163284929945,0.20727267197347649,1
-0.5227161978421817,0.27296290682507784,1
-0.5604846705167801,0.23961656264635783,1
-0.6213643889344967,0.2552664658744321,1
-0.7289612221535013,0.2835751611122292,1
-0.5893735543532223,0.34808084320920424,1
-0.7287982419839081,0.4329217336646525,1
-0.6392575754935418,0.5563003534831508,1
-0.8328402009187447,0.1733070172170582,1
-0.6426994395620547,0.39815946746528846,1
-0.9072992764160067,0.3629789551126487,1
-0.755651885019511,0.41203717156184927,1
-0.5206536095276866,0.33311117408475677,1
-0.7493512099797196,0.510836372041478,1
-0.5476540103320285,0.5727250820746709,1
-0.871320686545184,0.6121906723194241,1
-0.8214997525933607,0.4625003158957211,1
-0.8026770951885521,0.5859543084256044,1
-0.7089460938366323,0.3485227955816303,1
-0.8310396341405527,0.660079570294567,1
-0.7177010684798824,0.3619076075795648,1
-0.8693344516995928,0.6485525887457098,1
-0.9113320336867122,0.6247332762870277,1
-0.655399735954957,0.706309944360147,1
-0.6925116099379027,0.3988355833532495,1
-0.9359918082106333,0.711150869065815,1
-0.7298108041574863,0.6386946217018209,1
-1.0948028825090244,0.6238099158460898,1
-0.9287645683191929,0.7744789153804228,1
-0.9893176934194657,0.7612294933218993,1
-0.9471805338607358,0.8470068390273492,1
-1.1562705152116712,0.700523396510735,1
-0.96723768497487,0.7226796577018285,1
-1.0159806360238819,0.7987884615139625,1
-0.8003484037744997,1.0384259726862575,1
-0.9338076498093891,0.6779574220631529,1
-0.8809508358845073,0.653613368251997,1
-1.0693065212327144,0.8488670857700468,1
-0.9559540723111445,0.9270191114738437,1
-1.3348189312925542,0.8465243796833176,1
-0.8788821556208859,1.0927559033126157,1
-1.0959694638371307,0.898945710026131,1
-1.0863670867521387,0.7739438866265613,1
-0.939649113921349,0.9376895305807098,1
-1.0191953859471787,1.103590695362681,1
-1.1359638777437548,0.9490243342822152,1
-0.9847647280071884,0.8682977862864695,1
-1.1959447931656062,1.0450158324985408,1
-1.241207632288254,0.8094672620297773,1
-1.1759582916503792,1.0241422706663417,1
-1.0372075152266085,1.0912735452362816,1
-1.025064458736317,0.789377241119593,1
-1.4110638686885324,1.1435804049833946,1
-1.2292841768592118,1.086740550986447,1
-1.1786822583889331,0.9502396812717924,1
-1.4744687701426216,1.2143722527128422,1
-1.2067948539843154,0.859837529670728,1
-1.2559471194636278,1.1242995191785101,1
-1.1868450209475345,1.2850934137129728,1
-1.433993146114167,1.2730270577124376,1
-1.187040759475041,1.059464338638611,1
-1.2959415333702522,1.1868977994986154,1
-1.061148937417455,1.2437419790367334,1
-1.2198144465805296,1.0277185126745674,1
-1.350061389017106,1.36650354344318,1
-1.3359359472768766,1.2119371116266575,1
-1.2915305001340467,1.1779959723599578,1
-1.4607174068208377,1.012405957588573,1
-1.3046654628829661,0.9658662173130023,1
-1.375930361183501,1.274535391946763,1
-1.341853963363348,1.1957715693368545,1
-1.5999801437381445,1.3662768850858658,1
-1.6128153963481302,1.4200547008829456,1
-1.402593303787917,1.3120943601388262,1
-1.3931695453549293,1.5415095594899955,1
-1.2257223487462976,1.2148157562706545,1
-1.3396587992992848,1.0829374559402551,1
-1.4159247750901252,1.3371336722668683,1
-1.2400194057167122,1.3426675568057658,1
-1.502663289495562,1.1396102587891785,1
-1.4982159986568562,1.230697270005999,1
-1.4559191889967495,1.3621729843949104,1
-1.652593597786881,1.3695626425285905,1
-1.4727024835097922,1.4409166081673148,1
-1.7084954712027012,1.5124973022734274,1
-1.4692506602989577,1.3872122965229525,1
-1.6750506944961985,1.251530392097146,1
-1.543951810651846,1.3606771509119684,1
-1.435183007923979,1.279378853259946,1
-1.495913602903374,1.3997319525869736,1
-1.2506736376205394,1.5382372231185715,1
-1.530540457173595,1.2789204674617738,1
-1.509245074205582,1.4122516086509946,1
-1.6776627283352927,1.4526327088863509,1
-1.3772449842343473,1.592833029424078,1
-1.2581577544335076,1.2894386018541566,1
-1.509245074205582,1.4247712647150157,1
-1.706451936626935,1.669586840407982,1
-1.3328915618251271,1.6485323758054855,1
-1.2880002958708379,1.404166055450721,1
-1.509245074205582,1.4247712647150157,1
-1.4466926483513238,1.3272408111887772,1
-1.4317922335196784,1.6018710592782186,1
-1.52257654550779,1.4372909207790368,1
-1.670604996768313,1.6814338353831328,1
-1.6032786843582403,1.6494718194973896,1
-1.5850175749209938,1.3167353230261811,1
-1.509245074205582,1.4247712647150157,1
-1.5209153721935897,1.1935270803275373,1
-1.714902164368079,1.4475308538908762,1
-1.4145484499906509,1.2591733184911216,1
-1.509245074205582,1.7377626663155425,1
-1.4450055946518847,1.561730440352437,1
-1.509245074205582,1.7377626663155425,1
-1.25272415228805,1.6067015544844023,1
-1.405548936302619,1.6286751195896643,1
-1.4825821316011658,1.7252430102515215,1
-1.3693563433886617,1.773727300126649,1
-1.4425877176945414,1.6876840420594583,1
-1.6628549059044297,1.65398410385736,1
-1.4824041937874008,1.6065638144803516,1
-1.375930361183501,1.6250857617393528,1
-1.458643857770582,1.533424370611713,1
-1.4429054253197329,1.6839952493447894,1
-1.3548310348318995,1.582278436040485,1
-1.3359359472768766,1.5624874814192473,1
-1.105615660401775,1.465281925863116,1
-1.3296155220622952,1.4569014934476696,1
-1.3783649211440319,1.6674365857230895,1
-1.3092730046724603,1.512408857163163,1
-1.5680275772785577,1.7247238802088956,1
-1.572745652962913,1.5420090912630187,1
-1.1546553121433887,1.3313987576074058,1
-1.2559471194636278,1.4247712647150157,1
-1.0391957485930627,1.6659580556567937,1
-1.1132746435908347,1.6170275376963013,1
-1.2958770477104162,1.5130657434853925,1
-1.1892897629525874,1.3246140162028472,1
-1.284635087229054,1.300986683780951,1
-0.9839957128836123,1.5438582281881217,1
-1.0112141614994818,1.2728385267157007,1
-1.149295349045963,1.262015735882742,1
-0.9862765629797494,1.361561727211172,1
-0.9612688715833515,1.3334433570368256,1
-1.1392550604582097,1.3585771701579668,1
-1.0826379925349225,1.1618584873705733,1
-1.3315071205259241,1.3672311883575523,1
-1.0985086741142926,1.387064145172919,1
-1.0167097985804059,1.1651524245305875,1
-1.0026491647216738,1.074220894922426,1
-1.151450323790009,1.0510623044330016,1
-1.0109084735288165,1.0118056659959913,1
-1.1538718571699862,0.8816998613877577,1
-0.9893176934194657,1.0491815827943838,1
-1.0384939206186672,0.837511516841797,1
-0.87153009223044,1.1124321437056457,1
-1.0573277520627773,1.0440823845951224,1
-0.9626547508150495,1.0241422706663417,1
-1.0820162009816927,0.9420407936346058,1
-0.9300498639995805,1.124147009360611,1
-1.0350571298415585,1.0674475809591364,1
-0.8826659230018009,0.9365046782181942,1
-1.0062047046462042,1.118716839280103,1
-0.9218205819318811,1.1425550648076115,1
-1.0939535540696235,1.098240287134581,1
-0.7626826812819277,0.8363474297060257,1
-0.7813162221676552,0.891168002774012,1
-0.9927156052268719,0.9529446588807144,1
-0.9768314900571292,1.0854434759324771,1
-0.7093567960730952,0.7987884615139625,1
-0.5168612124187684,0.9301098945536416,1
-0.5654016169578241,0.5611637187959375,1
-0.6034922387705929,0.8357255608618074,1
-0.6426994395620547,0.7361901811938572,1
-0.6726810705058313,0.5450942412042757,1
-0.6082583493458263,0.7911688012732265,1
-0.4305423540658651,0.6291190029493504,1
-0.5627106117488061,0.6735919008737519,1
-0.35609740499553894,0.8337964730374897,1
-0.48171395923362115,0.7668802161738522,1
-0.6104778490775487,0.7708069607267843,1
-0.5093847265399736,0.6360329326816887,1
-0.5554023258438782,0.6718734004250454,1
-0.579353967407366,0.42683604040206735,1
-0.5193076427213469,0.6260179761617645,1
-0.4160644274245169,0.5734346523615833,1
-0.26401980577656786,0.37420678098221494,1
-0.5817752778851433,0.4962929751714158,1
-0.24115293803405802,0.7479626003337315,1
-0.32274412830906013,0.5233560281054991,1
-0.5055927968324393,0.5965643413501803,1
-0.4420280422386656,0.760429881793771,1
-0.32929752578397725,0.7080728868335565,1
-0.2294238291936034,0.4857970599134359,1
-0.4887407220593955,0.24191253648770036,1
-0.09042592088719746,0.2816620332202655,1
-0.10680898836735278,0.6985798801583933,1
-0.20276088658918717,0.46075774778539375,1
-0.46288083129125174,0.5241444891271506,1
-0.4544130926625524,0.6768290732871888,1
-0.09193184748499211,0.6576646627253337,1
-0.16276647268256286,0.43571843565735163,1
-0.08307418945038694,0.42616030473606104,1
-0.15117452308482437,0.23752863043376246,1
-0.21847404910286838,0.21197140817838137,1
-0.13610353007814663,0.4106791235293095,1
0.06696583570324266,0.24465472702152083,1
-0.20980919440573298,0.2571227204744006,1
-0.010303333343083169,0.2744523274897907,1
-0.08277764486931419,0.37312015533724635,1
-0.28643593474125884,0.4875878542397081,1
-0.1026752374692797,0.4383959709313608,1
0.018366276813050714,0.18130294183649967,1
-0.04278323097602133,0.34808084320920424,1
0.17360812204556578,0.11976872809325838,1
-0.2720049204809054,0.45618680670842215,1
0.03092751844132119,0.3259195868005378,1
0.09053148204605975,0.23540393863301465,1
0.34047397879767166,0.45915438748359416,1
-0.013538350395632701,0.08787803369591414,1
0.06703823735077133,0.14252014187111073,1
0.2238461950814723,0.11020737799280401,1
0.16131067015996328,0.3493969794395315,1
0.35178961898805344,0.3520194465055568,1
0.023123729144263753,-0.12507423860403083,1
0.3704923794057615,-0.014989182647406637,1
0.2125458144930872,0.16708187538043964,1
0.316496964111428,0.06229044592868465,1
0.2875523107310873,-0.1908206981167663,1
0.4504812072190101,-0.07758746296751196,1
0.31187051616259187,-0.12068346639511772,1
0.459554156916766,0.08549568262841914,1
0.4011613132860057,-0.30305825716331547,1
0.4904756211256344,-0.11514643115957514,1
0.45590764663156674,-0.13594344819018855,1
0.2986906260887547,-0.14856492711776456,1
0.6580046724348031,-0.3308515636073084,1
0.4904756211256344,-0.14018574328761726,1
0.3190207684070385,-0.23405696713864066,1
0.5285738121478646,-0.11437744659127277,1
0.5774784440812767,-0.04628932275238914,1
0.5304700350322589,-0.22782333573576471,1
0.36463402418634705,-0.3566288069243414,1
0.684154485508965,-0.41621252733627045,1
0.43371619921852334,0.0022938455259424637,1
0.6237903341477156,-0.3780592085040175,1
0.6071278175653972,-0.5061173120632382,1
0.4159196492953948,-0.37475040875950366,1
0.4808539992619295,-0.13030423540923478,1
0.66378474805434,-0.4281378327601018,1
0.9173113721909522,-0.539255001150064,1
0.5471265915137022,-0.3483033871296058,1
0.7548164488225386,-0.3997121697560056,1
0.7171106332631724,-0.4907361130802071,1
0.8134495197003173,-0.2912961323106397,1
0.6511975442655855,-0.3915497880587396,1
0.6367965350143772,-0.280291175474087,1
0.797099461076421,-0.5533343934003124,1
0.8445764834733503,-0.5652781084775996,1
0.8061148740104425,-0.6269731158945286,1
0.9719585944462081,-0.6100122516863544,1
0.8504253462852535,-0.6034130176563967,1
0.613879928885586,-0.6463591126002403,1
0.9674752073158043,-0.6075585982855343,1
0.8409933392710269,-0.8147831262961147,1
0.917082702796294,-0.666011297976502,1
1.0413151454224583,-0.648677622698874,1
0.8977288699817321,-0.5826451014395351,1
0.7864499206506596,-0.7597997084341483,1
0.9704085880051262,-0.7286095782966073,1
0.7272507660388375,-0.6071677425105988,1
1.0865526239539331,-0.5300313670191847,1
1.0019018579488357,-0.5993089394367183,1
0.9970715306095425,-0.7661685464886705,1
1.1012941584433549,-0.94279499188597,1
1.2566995850814873,-0.8064913565825547,1
1.261617146236673,-0.5405129234836248,1
1.0770603584227911,-0.841286482872797,1
1.273038087052856,-0.75738691668679,1
0.9609421673975097,-0.8987176474870489,1
1.1756671265007348,-0.7152437339531995,1
1.1437177149338316,-0.8788454510648601,1
1.2018935315438222,-1.0028386595475756,1
1.3371438500829858,-0.7843640765173011,1
1.3236008209961094,-0.923364828838382,1
1.2637009566537047,-0.9664830435130075,1
1.405273536284363,-0.7854226760357943,1
1.236710545920698,-1.0879101434134355,1
1.0259178882523632,-0.9340669940371297,1
1.3703527270713696,-1.029081323833113,1
1.52445622715198,-0.8144483125080118,1
1.6296750990385522,-1.1978580385252986,1
1.6287972736460399,-0.9872446948939747,1
1.4503415548846181,-1.1041992602172392,1
1.5083175146089876,-1.3237625030861995,1
1.3610137160015616,-0.9705244962847122,1
1.2310789638274637,-0.9090041634847781,1
1.5169989113956588,-1.1667975405373445,1
1.719949932853084,-1.0395971076600696,1
1.5042296269051176,-1.3725832211590794,1
1.2878091264879343,-1.2722887472007243,1
1.6103192105111155,-1.254435132985492,1
1.5002426144451504,-1.419330929573016,1
1.8619554786772248,-1.0938222354943368,1
1.821430826829909,-1.1387659548660822,1
1.663645095719948,-1.2919941011775553,1
1.7653895835468012,-1.176833837687406,1
1.7036395096265722,-1.3420727254336395,1
1.4929359549797212,-1.5383326967866062,1
1.544403498413235,-1.0927585205695722,1
1.7033028833104558,-1.4483347485413967,1
1.7303024522309884,-1.3671120375616816,1
1.6316257372559901,-1.130351796500344,1
1.6937671018572629,-1.3003988292375595,1
1.7569653948354047,-1.3921513496897238,1
1.5527212606560792,-1.5768949163496695,1
1.5801932355947939,-1.3728049042050738,1
1.6806639226690752,-1.3169657721078147,1
1.7569653948354047,-1.4046710057537448,1
1.6165042026418848,-1.2237928178013542,1
1.7639890804909732,-1.3327898636894422,1
1.7836283374398212,-1.4171906618177659,1
1.7369167137382475,-1.36623352453191,1
1.7287510955784933,-1.1668300515802117,1
1.7969598087420293,-1.429710317881787,1
1.8103745777432279,-1.594023256873388,1
1.640299504441635,-1.2050458810551923,1
1.7969598087420293,-1.442229973945808,1
1.8010004817071352,-1.5767553760190767,1
1.6312681525338395,-1.56870611229387,1
1.7969598087420293,-1.442229973945808,1
1.7982628254139599,-1.5376263715945457,1
1.6757839882584928,-1.3025310543657542,1
1.7751581818153745,-1.4979361998782226,1
-1.1359638777437548,1.3872122965229525,1
-1.087172265757972,1.2578497191686178,1
-1.2668409405702572,1.3637582244977022,1
-0.8884497838259845,1.5139381031042087,1
-1.1093009351393388,1.3746926404589315,1
-1.1303109278350028,1.3839013920990577,1
-1.2244141623964253,1.5852215955989488,1
-0.8430283749843943,1.501463410132976,1
-1.0826379925349225,1.3496533283308894,1
-1.3242404914693742,1.4337301503113817,1
-1.2894797745626605,1.4993053269071468,1
-1.1649925961825742,1.3839538144029289,1
-1.0426435786282982,1.2995747040748051,1
-1.0782050483590582,1.5063846615779335,1
-0.9483062087689834,1.5104400648771938,1
-1.1304687072643262,1.4518821667730033,1
-1.0026491647216738,1.249496079818721,1
-0.8766942577419414,1.297584743429166,1
-0.8937371769260619,1.4444255647863833,1
-0.7551045324025913,1.3262836843590586,1
-0.9493232795128415,1.1994174555626365,1
-0.7116701029692649,1.1542919089691903,1
-1.0557414982844275,1.17884772725402,1
-0.9565716279226828,1.435541873496303,1
-0.9093288656062171,1.1368191752425312,1
-1.1258091712702916,1.0423783797797965,1
-1.1271643499899864,1.2814660714765562,1
-1.0649280325176225,1.2367393608120167,1
-0.8693344516995928,1.086740550986447,1
-0.8632394728631675,1.2885833155407083,1
-0.9937365243665505,0.9959529203019403,1
-0.9946502359467729,1.28517788771353,1
-0.8426715090951764,1.0491815827943838,1
-0.8678878194867089,1.007358529168709,1
-0.7141459259665116,1.077010336390984,1
-0.6812166971191576,0.920558781400361,1
-0.8160085664907603,0.9865833024742785,1
-1.0187392392580261,0.9419307226964394,1
-1.0177378547232463,1.0019749825377768,1
-0.5894164013020435,0.9981567576124282,1
-0.7760141525841358,0.9490243342822152,1
-0.9106324128707055,0.8225342422766837,1
-0.8513012576289876,0.863535580671056,1
-0.6072551094701857,1.1447977675124015,1
-0.7093567960730952,0.8238277736420047,1
-0.9532721014402841,0.8530069188754785,1
-0.6281466241805547,0.6466960006221036,1
-0.8251536237171249,0.7561595406636139,1
-0.6560309108642628,0.7361901811938572,1
-0.8803404443390175,0.896369941152028,1
-0.884326508131487,0.598621451671905,1
-0.482916432082026,0.9319042361992629,1
-0.6426994395620547,0.698631213001794,1
-0.5479469998096491,0.7104715428876461,1
-0.5862417787074222,0.9319771837280719,1
-0.8524921599601344,0.7285285465526286,1
-0.6160364969576385,0.6735919008737519,1
-0.6728485947074178,0.593195998121426,1
-0.8313409831172532,0.6778511534697297,1
-0.8195381544400505,0.867886799530566,1
-0.6027050256554304,0.6610722448097308,1
-0.39027201523151644,0.49423205136245413,1
-0.7062908734961426,0.6413952912970914,1
-0.6613662160723681,0.4980082881156883,1
-0.6027050256554304,0.6610722448097308,1
-0.7756911416996604,0.45452289934675183,1
-0.7112898876746346,0.6998293513485213,1
-0.5910097418239079,0.6189868809777579,1
-1.519684242814362,1.2592923875564943,1
-1.7225486150409113,1.2119371116266575,1
-1.6692227298320792,1.1743781434345943,1
-1.4135480177228663,1.315849189907746,1
-1.5720401475021584,1.0495492278781557,1
-1.642559787227663,1.1618584873705733,1
-1.5231216800345144,1.210114526388135,1
-1.549662697001842,1.1393045458148274,1
-1.5892339020188306,1.1368191752425312,1
-1.4906107862242026,1.3830674477929084,1
-1.5492394881122062,1.099260207050468,1
-1.2964296638588353,0.9733964908401415,1
-1.6235857720299425,1.1880465455486322,1
-1.5123458784438821,0.9946374582550921,1
-1.4825821316011658,1.0491815827943838,1
-1.7085295504427906,1.1167632161850105,1
-1.4407282014166012,1.0364762410758597,1
-1.3602062547317129,1.1361520982958553,1
-1.4159247750901252,0.9865833024742785,1
-1.6720576152117557,0.7859686833783988,1
-1.6591216433360818,0.953369948216902,1
-1.3339207607416876,0.9836870742237328,1
-1.3625988898812929,0.9239850221541731,1
-1.5803403948580055,0.6888043729527944,1
-1.5749836763740652,0.804441513397533,1
-1.2992078611562405,1.0623726355872092,1
-1.282610062068044,0.8488670857700468,1
-1.498926150135359,1.041687933267522,1
-1.2164368780650718,0.9723559878585059,1
-1.2476027205411782,0.6344516164895003,1
-1.2292841768592118,0.7862688054499415,1
-1.3097813070102708,1.0153605849015985,1
-1.126215052713417,0.7175772283045336,1
-1.435945464096989,0.8173472770317306,1
-1.1892897629525874,0.7487098372578782,1
-1.2139966672937998,0.6194157474300762,1
-1.4149810335709063,0.8125021380846349,1
-1.3957578571739888,0.6919928952347322,1
-1.149295349045963,0.6735919008737519,1
-1.1999531290472922,0.7200800740631571,1
-0.930545159487415,0.6261729185488368,1
-1.3951434376577598,0.5045170296960256,1
-1.1093009351393388,0.6109936205536466,1
-1.1489636697722174,0.43077777236047027,1
-1.0040337446681784,0.5287630631135662,1
-1.038621098855449,0.5450521621394583,1
-1.0559750499305063,0.5233560281054991,1
-0.9174664311507985,0.7640435962593652,1
-0.9466038729373611,0.37959460608041057,1
-1.1802804556991076,0.7209242422960379,1
-0.9759862221172576,0.3606004992732253,1
-0.9421499835536195,0.17273536670393788,1
-1.125630574081956,0.38582937038696374,1
-1.0041763264868468,0.150983993368375,1
-0.9093288656062171,0.23540393863301465,1
-1.055882411936092,0.04669591365891724,1
-0.7382148580811456,0.025657267291307528,1
-0.6845890832917759,0.46759649385315355,1
-0.8160085664907603,0.12272703405682509,1
-0.6105640518374505,-0.09703543948253407,1
-0.8623925056939636,0.3326258771606783,1
-0.7011023047264223,0.36237890602580497,1
-0.789345623886344,0.08516806586476187,1
-0.7067041035128792,-0.0029844296646131473,1
-0.5579827799604373,-0.12275295214646843,1
-0.8861307134681414,-0.07528190057198317,1
-0.7093567960730952,0.047609097672698684,1
-0.8259893455236558,0.08385192995994564,1
-0.6128356084316282,-0.0476692377414068,1
-0.6139433423790563,0.18656239555203283,1
-0.4693903126333493,-0.07758746296751196,1
-0.4433376879847013,-0.27104849857074464,1
-0.2194565865367239,-0.0062096179878331865,1
-0.2133092311491613,0.04598641718789691,1
-0.3627385422156844,-0.14018574328761726,1
-0.32572723645285706,-0.14122622723937564,1
-0.5692541055403222,-0.05990717312436814,1
-0.4278285335101752,0.05379088434099655,1
-0.2694182431002277,-0.2027840236077226,1
-0.1484225906522905,0.04478317527849301,1
-0.3293487762257338,-0.3153053828502037,1
-0.3658160965013484,-0.07233768873642712,1
-0.18942941528697907,-0.2653823039278279,1
-0.2425739142303649,-0.3513578734729359,1
-0.2042219210571482,-0.41365692462336906,1
-0.32531723171897264,-0.3920783756999493,1
-0.09610911617152229,-0.3405002403119543,1
-0.06123627153922764,-0.4944731300076758,1
-0.04209949743434308,-0.5345167818185069,1
-0.3540601038158098,-0.17133580989977065,1
-0.029451759673813225,-0.4156181766960807,1
-0.2113616258414447,-0.5946739047317061,1
0.003003092643916861,-0.3096927561848846,1
-0.21836138737187294,-0.17738730421945817,1
0.050537068139435426,-0.5032557691442282,1
0.0750486264983142,-0.30785892892119954,1
-0.1893762805750687,-0.607250446982968,1
0.31416370120255144,-0.4461941458408557,1
0.10386295334826787,-0.5533343934003124,1
-0.10718513929632711,-0.5078295908688636,1
0.3037754120206814,-0.5473698648683287,1
0.024615971133412903,-0.7640243344157773,1
0.2105147237792642,-0.653491641912481,1
-0.016840477328155155,-0.4164493745652793,1
0.19704303014216762,-0.4462435127226646,1
0.17638661142217574,-0.575356931894593,1
0.303835022894721,-0.7411292343606284,1
0.29269871339022574,-0.9299184617738784,1
0.09732838794970662,-0.9537118178556256,1
0.19545846382146106,-0.5719384834999117,1
0.3704923794057615,-0.7912078586167126,1
0.4054642397550155,-0.8366395211922388,1
0.35653339948217044,-0.9487794320545476,1
0.12043523774681475,-1.0271386737157744,1
0.437149735916802,-0.841286482872797,1
0.6492870607063392,-0.8624002671080833,1
0.6386289210816438,-1.0679089757543032,1
0.6293245625051919,-0.7434312678407023,1
0.47714414982342634,-0.8913651071288812,1
0.24383291363305218,-0.725501595963702,1
0.5898927074915985,-0.6842160622530523,1
0.23855360807004017,-0.6892919642518993,1
0.5038070924278426,-0.9164044192569233,1
0.5975650606799124,-0.8744888416170387,1
0.3537220409497892,-1.1628835498832415,1
0.37749703518593425,-1.1615228940063436,1
0.557132977636675,-0.9664830435130075,1
0.6346984045974462,-0.9284827817328204,1
0.35646399717571825,-1.1456498860001323,1
0.29905424023543115,-1.0503030127304769,1
0.6104588628455075,-1.0165616677690918,1
0.7845138090709262,-0.8309594322350223,1
0.3827849907407859,-0.9489049200727812,1
0.546954640463755,-1.01484160298936,1
0.6371218054499237,-1.041600979897134,1
0.7300149831555469,-0.878082148918052,1
0.5485032249701077,-1.2498148615841072,1
0.5433134581010616,-1.2049190444196076,1
0.6904476906587561,-1.0791599480891971,1
0.448401143078729,-1.0490027119871221,1
0.5618368257082269,-1.2811306090679289,1
0.5894012272042213,-0.8892735311955849,1
0.7304421045653805,-1.1292385723452814,1
0.46721004093869195,-1.1781900169108848,1
0.5938307702551268,-0.9264730174952195,1
0.7476800218470911,-1.348165454868129,1
0.7704365184720048,-1.1793171966013656,1
0.8556982790050389,-1.1194079199358136,1
0.9685153105760016,-1.356612377924966,1
0.7399639612967983,-1.0816397106067561,1
0.8370938749830453,-1.254435132985492,1
0.7477577735207052,-1.4792645087689367,1
0.6152452920494674,-1.4231924109116383,1
0.6739961796715647,-1.0414968624310155,1
0.8637568175874616,-1.2794744451135343,1
0.5996038581839807,-1.2168835902014405,1
0.8522092383257699,-1.4162644726857367,1
1.0163815500769284,-1.1398703143534723,1
0.8904197601918777,-1.2919941011775553,1
1.0064498691197477,-1.3108584359905953,1
1.151093512342637,-1.2178830731559651,1
1.1128442373559155,-1.3487869030519037,1
0.9037512314940859,-1.3045137572415764,1
0.8009880040897972,-1.2762956969270856,1
1.1390647357573276,-1.2804400210835407,1
0.8477732412429776,-1.5513891606476156,1
0.9304141740985019,-1.3295530693696185,1
0.7978222842517115,-1.3744916987499944,1
1.089667666203584,-1.4591877141242047,1
0.8121280528053633,-1.3943703410423045,1
0.94374564540071,-1.3295530693696185,1
1.035653175973482,-1.386730147063265,1
0.7284314404652014,-1.5266793921584563,1
1.1469625242586765,-1.4953301320592824,1
0.9704085880051262,-1.3420727254336395,1
0.7922853785348536,-1.3973769890286345,1
0.7517483913437716,-1.41222212488382,1
0.9198543994016627,-1.1375902098021737,1
1.0104030019117505,-1.3671120375616816,1
0.7804120254412592,-1.4317466474523937,1
1.158509028070578,-1.2264648016094712,1
1.1551888762022984,-1.2952096746803505,1
1.063728887120583,-1.4046710057537448,1
1.2787866429414783,-1.195818053215121,1
1.0909811180846767,-1.1812804076246617,1
0.9268141359891151,-1.5752229914002558,1
1.1170547723294155,-1.429710317881787,1
0.898505949312299,-1.2986752594549162,1
1.1331533152829683,-1.2659020775252667,1
1.3021800767375387,-1.582681705452854,1
1.1703806575382478,-1.4797889421378712,1
1.1059479203105391,-1.424329514933481,1
1.0954800047835607,-1.3681500272223623,1
1.0044792982196777,-1.340897418933283,1
1.183712128840456,-1.4797889421378712,1
1.1036633847291601,-1.4987422366190397,1
1.197043600142664,-1.4923085982018922,1
1.1172449208376902,-1.517037809716919,1
1.2103750714448722,-1.4923085982018922,1
0.9950523579644343,-1.390139268188982,1
1.0169342572792965,-1.4800474141932096,1
1.1272834436720693,-1.553259216666036,1
1.2103750714448722,-1.4923085982018922,1
1.2803404565841348,-1.2434883814071431,1
1.108222334638905,-1.3403275554883889,1
1.2921269060823806,-1.5524071939765303,1
1.556993325302283,1.7377626663155425,0
1.3558346183089989,1.7029477250404512,0
1.4078316149928032,1.5175399242721321,0
1.4088904937639237,1.7061856173341121,0
1.5436618540000748,1.7377626663155425,0
1.7848944339351274,1.7055079245954694,0
1.530330382697867,1.7127233541875004,0
1.6598677779715345,1.6941123496070536,0
1.6273510049823783,1.4869901593934818,0
1.5036674400934507,1.6626447299314162,0
1.3237283143888727,1.521446885765338,0
1.2445506110177142,1.5586206904944884,0
1.4503415548846181,1.5875267935472896,0
1.5685756955713173,1.3816728670283842,0
1.3896005478928215,1.7167291596172973,0
1.575070695069454,1.700264598738437,0
1.3970156696757858,1.5249285132271841,0
1.505563127319328,1.291503230479741,0
1.4909605028947486,1.6745594337104923,0
1.3780824974401202,1.6518265351893948,0
1.3570212557691614,1.4372909207790368,0
1.3206649294574824,1.50964012520888,0
1.4680896013156521,1.4761125939384738,0
1.5646231662950203,1.3552615520835638,0
1.303695370560329,1.3621729843949104,0
1.1240295605479123,1.1511722866112557,0
1.297729548217712,1.5275797319337536,0
1.419379562069788,1.4709625069680126,0
1.2637009566537047,1.287055048010784,0
1.0554898516151645,1.134116649733446,0
1.0653076019519112,1.4121624824714405,0
1.062497515908466,1.2009810407919241,0
1.2370380140492885,1.2369764237546998,0
1.3412011524587648,1.1188224654899737,0
1.318965802244373,1.0493049352096857,0
0.9996429626528979,1.0725595797555436,0
1.197043600142664,1.1743781434345943,0
1.1107968653161353,0.9577538760550415,0
1.4169249582421541,1.4096554451319667,0
1.0519353335479094,1.4039131896973678,0
1.1570491862360397,1.1242995191785101,0
0.997957157045802,0.9536474206030695,0
1.0135781896274405,1.192561868429129,0
1.1635192094893212,1.2592607377407679,0
1.1170547723294155,1.0617012388584048,0
1.328007853991036,1.225735306767863,0
1.0036086966182052,1.1717633497909674,0
1.2382366349023752,1.1724724224215513,0
1.0770603584227911,1.0241422706663417,0
0.9818261207639857,1.224028521712515,0
0.98350687267694,0.8749629696078896,0
0.9552083062564451,1.27067046745233,0
1.0370659445161667,0.9615439903462363,0
1.017348094677866,0.8875615087696594,0
1.130265845514517,1.166389788211729,0
1.1313966863678941,0.8329111499408021,0
0.9970715306095425,0.9239850221541731,0
0.7749266127989355,0.755914474280399,0
1.0134310027186402,0.7726983856697645,0
1.0592610604834831,1.0743084522638786,0
0.94374564540071,0.8613867418340678,0
0.8246915039116985,0.8848891873064183,0
1.0388277517746387,0.9111732179127532,0
0.7507105608328019,0.9752078693589313,0
0.9037512314940859,0.7987884615139625,0
0.7274411291838001,1.0351988804739005,0
0.8406110957263528,1.0035794694834257,0
0.8145325205689268,0.9109493619552523,0
0.8770882888896697,0.7862688054499415,0
0.8088280321253233,0.970612717771063,0
0.9839024715562501,0.909637353831119,0
0.9168476937537727,0.6062749646870482,0
0.8637568175874616,0.7612294933218993,0
0.7403544244934185,0.7406385115199521,0
0.6174669669440472,0.8175799905207003,0
1.1254670994975355,0.6198062515278727,0
0.8237624036808372,0.7236705251298361,0
1.0794966548074594,0.907650739689546,0
0.8821822654045974,0.6474294997276513,0
0.5827685950628224,0.7980493005191565,0
0.7704365184720048,0.6485525887457098,0
0.6070329400171189,0.47545457804838304,0
0.92944779427455,0.6067909363960388,0
0.6043350325721489,0.7114531857078692,0
0.7304421045653805,0.6109936205536466,0
0.49389271078776764,0.6110785894562081,0
0.6612871600970452,0.8192094719581084,0
0.4773244958341672,0.5667616636605902,0
0.7037791619609642,0.5859543084256044,0
0.6797729829481557,0.3584428147984417,0
0.6000961031645518,0.6293031285295114,0
0.9697793222958256,0.6994009140700129,0
0.6771162193565481,0.5483953402335412,0
0.7260742834269952,0.7178710284505502,0
0.7345925551309803,0.32115231786062226,0
0.7054966428772447,0.38762082149439303,0
0.66378474805434,0.5233560281054991,0
0.6275897448103711,0.43013881143140015,0
0.5030042804247389,0.712413318131419,0
-1.509245074205582,0.5197795084113019,0
0.6237903341477156,0.47327740384941486,0
0.8344285268571221,0.47415873492856986,0
0.6576536381310768,0.34156716274974624,0
0.6407512274552079,0.3277866886809133,0
0.5971273915432994,0.4231987795933306,0
0.7322405920339934,0.6046976789477365,0
0.810391171398785,0.432235359921692,0
0.8041508288655749,-1.3295530693696185,0
0.5837959202410913,0.4106791235293095,0
0.42941454417193164,0.5853956332965485,0
0.791869377971751,0.43351537018366026,0
0.33693823157532493,0.34119198984717597,0
0.5704644489388832,0.3606004992732253,0
0.4919889598881585,0.12854468656605986,0
0.5735793177460925,0.33300945025168127,0
0.5375258605987867,0.4671406257578158,0
0.543801506334467,0.3230415310811621,0
0.391410172845732,0.2685030050816692,0
0.7662683771773017,0.4291082291504263,0
0.6697254073781886,0.5644928974106096,0
0.5304700350322589,0.29800221895311996,0
0.7076396035659825,0.3929797548570932,0
0.6800189219307388,0.1562341981379122,0
0.2884303920878486,0.2582523809347305,0
0.4904756211256344,0.23540393863301465,0
0.6162576354536016,0.18884759014477936,0
0.5032423151779869,0.34400812797993174,0
0.4409492201691792,0.4589047305180903,0
0.47714414982342634,0.2228842825689936,0
0.3764135858466302,0.3676274152708411,0
0.23411499308622818,0.0158525482351271,0
0.25491531333389555,0.0655611264754369,0
0.4638126785212182,0.1853253143769304,0
0.4846903342339656,0.3458089519278734,0
0.34167603183804524,-0.06322059762983205,0
0.40301849415680313,0.31025042533671965,0
0.4504812072190101,0.1853253143769304,0
0.31929201825440656,0.19754872796042994,0
0.7014735769196023,0.22602737064348533,0
0.5237650107353389,0.049293319703730826,0
0.4504812072190101,0.17280565831290934,0
0.2705418459473343,0.3913445673360407,0
0.45479373807989026,0.23754200618390814,0
0.5288062834115088,0.1545021831962316,0
0.17052030985930838,-0.17774471147968046,0
0.34560329624313335,-0.362394934087944,0
0.2574083793894393,-0.12374379265721547,0
-0.002048440572477872,-0.035814223438280286,0
0.02387412553501921,-0.35301989637597536,0
0.2719752077470546,-0.4252510917797248,0
-0.23598429328151369,-0.3894923836502941,0
-0.1918023065275603,-0.18948930455718346,0
-0.04278323097602133,-0.4531771448881439,0
0.20489104498216207,-0.3951021023750992,0
0.10408625145314404,-0.2881080057750302,0
-0.08562245046341607,-0.20463602703327805,0
-0.12277205877593853,-0.5282950812722703,0
-0.2093515981857056,-0.33680138730245873,0
0.10467620482660427,-0.7098657330291173,0
-0.028617729244377825,-0.7102878312301708,0
-0.14943500138035473,-0.5658540494643335,0
0.040602738632182445,-0.4653857830239498,0
-0.26890515223124006,-0.4910798676554916,0
0.02415267139000715,-0.6869694119319123,0
-0.18942941528697907,-0.6034130176563967,0
-0.1564686721746137,-0.5214368939313949,0
-0.36062086439564184,-0.7035683544170842,0
-0.25944441842933685,-0.544075670304186,0
-0.2560867717980196,-0.653491641912481,0
-0.47139486945321013,-0.42319638961384415,0
-0.2940786452698176,-0.6577056955453502,0
-0.5090419832115649,-0.683793405174552,0
-0.30941265700685205,-0.7035702661685652,0
-0.333805879160633,-0.4842177982196638,0
-0.4926550264079719,-0.7925684751818904,0
-0.45369752807344177,-0.55553470016779,0
-0.33607559961126826,-0.7286095782966073,0
-0.4459213355218962,-0.5241804911737707,0
-0.25736952516682976,-0.5824225166027144,0
-0.3047827626060548,-0.976864895064109,0
-0.3627385422156844,-0.7536488904246494,0
-0.140438878418734,-0.9986455964952599,0
-0.4239589487821938,-0.5182091759866279,0
-0.17319076350268442,-0.8906972052620671,0
-0.37607001351789254,-0.7661685464886705,0
-0.2852745009608519,-0.8292934145601258,0
-0.6072664594849083,-0.8272597052283369,0
-0.16186859515743543,-0.7003072037323707,0
-0.42939589872672496,-0.8162471707447547,0
-0.6022787334631119,-0.8431676795071658,0
-0.25949563514247104,-0.8966094555914209,0
-0.22644677380440703,-0.6058981670063702,0
-0.4827217839355574,-0.853806138936818,0
-0.6889853392586165,-1.0193580868175638,0
-0.4904528551892778,-0.915825152173163,0
-0.6897704262707357,-1.0843311309305195,0
-0.5360476691443898,-0.9038847631929022,0
-0.6633361653259313,-0.8233701818632762,0
-0.28554907727693923,-0.8927513137458573,0
-0.7249557273416647,-0.8265972383946135,0
-0.5760420830510141,-0.9414437313849654,0
-0.49647931119641253,-1.0440827528210637,0
-0.4834019228059767,-0.7094449357455254,0
-0.8322891373534733,-1.130361538795907,0
-0.6160364969576385,-0.9664830435130075,0
-0.63048487225981,-1.2055462403774813,0
-0.6076055335924705,-0.8937661031066891,0
-0.3730932424889791,-0.7994233490705919,0
-0.6293679682598466,-0.9790026995770286,0
-0.8389396528637358,-0.9594335456865525,0
-0.7747652456879266,-1.148562381039802,0
-0.7146293723093381,-0.7417387841136729,0
-0.6693623821664709,-1.0165616677690918,0
-0.5230220789858664,-0.9631698422330113,0
-0.8591717614079106,-1.0831862614668064,0
-0.7522081550782747,-1.2320117516614373,0
-0.7360197386775115,-1.0916796041532182,0
-0.8324237788145193,-0.994183120835761,0
-0.9272634353185343,-0.9589912637967789,0
-0.7152029533962123,-0.8985140852660449,0
-0.789345623886344,-1.1667975405373445,0
-0.7022605089579064,-1.2490488827348327,0
-0.5587439495131521,-1.1200095873134004,0
-0.8064037850749188,-1.3799925000977429,0
-0.8426715090951764,-1.2043565087294077,0
-0.7007499824692536,-1.0030040475844884,0
-0.7438166936624632,-1.006831200652166,0
-0.9808401481604763,-1.2352098527322295,0
-0.9226603369084252,-1.266954789049513,0
-0.9871127556538468,-1.3033466198168016,0
-0.9084517123864877,-1.4850159799223643,0
-0.7338884836871507,-1.043974205274647,0
-0.9493232795128415,-1.3045137572415764,0
-0.7603719068320467,-1.098121610332889,0
-0.8685513789394725,-1.1055314738142943,0
-0.9820882101080346,-1.0697219827047573,0
-0.9893176934194657,-1.3420727254336395,0
-1.0566905325310683,-1.5315750233792442,0
-0.7829399475122822,-1.419521161991012,0
-1.2228707567667294,-1.1852037535917586,0
-1.0026491647216738,-1.3671120375616816,0
-1.0664667683995508,-1.5262217974773509,0
-1.1452114666493312,-1.175920781674588,0
-1.1570343273286274,-1.600372032053871,0
-1.0559750499305063,-1.3921513496897238,0
-0.9910434558457191,-1.4077826448277935,0
-1.0316510845035107,-1.1952689248246005,0
-1.228014089587971,-1.5532812450008804,0
-1.0826379925349225,-1.4171906618177659,0
-0.8544087000067934,-1.4512412117359714,0
-0.9490824423510108,-1.2455192173526688,0
-0.9967462906536222,-1.2598470497830483,0
-1.1226324064415467,-1.442229973945808,0
-0.9663629266206455,-1.5673069205400174,0
-1.2537196555109498,-1.2626016508015319,0
-1.1352894058151568,-1.2213921174126259,0
-1.1759582916503792,-1.4797889421378712,0
-1.0290814380774218,-1.536148762974936,0
-1.138596139557571,-1.529672113279381,0
-0.9654501534426878,-1.5609054588909201,0
-1.2159527055570036,-1.5298675663939554,0
-1.3365026974511702,-1.4992166113951677,0
-1.1218897833650783,-1.306056575741761,0
-1.269278590765836,-1.5674265345860185,0
-1.29956046657386,-1.3409892543664093,0
-1.3092730046724603,-1.5799461906500396,0
-1.1691002411269138,-1.5183629464531874,0
-1.3226044759746685,-1.5924658467140607,0
-1.5532170805545515,-1.4192727357076993,0
-1.1414705131551888,-1.5412539494508894,0
-1.4807985647152342,-1.4473983045590857,0
-1.2864747489467838,-1.4697855178487371,0
-1.1567559411446713,-1.5076070257323941,0
-1.4282125295035248,-1.4995013734762752,0
-1.5402178815099326,-1.4214668742910272,0
-1.616485406417738,-1.4277177520209177,0
-1.171942202718243,-1.478970612346765,0
-1.5184008993946319,-1.5021185261986942,0
1.7169709809287803,1.7502823223795636,0
1.6458039289618682,1.701051506696754,0
1.7169709809287803,1.7377626663155425,0
1.6503136244177399,1.7002036981234794,0
1.666996914231956,1.738920720729843,0
1.4659160835615426,1.6990436881389017,0
1.5836562679066992,1.6626447299314162,0
1.5048659180331652,1.4124257220118082,0
1.7280835074884169,1.4943810820124244,0
1.556993325302283,1.6250857617393528,0
1.5821940748005674,1.3858227035894042,0
1.5509381510396132,1.4576447841762248,0
1.6626595920337277,1.6305251178671045,0
1.5036674400934507,1.5374481692912052,0
1.246541871161413,1.5322299803996182,0
1.6917295451132288,1.3494976639352518,0
1.7616545492259168,1.4545900669704368,0
1.4503415548846181,1.4748498889711,0
1.2628807677443321,1.2581363521871274,0
1.2349885870965218,1.5045590503385404,0
1.6440072665716765,1.6402381837888704,0
1.3703527270713696,1.3746926404589315,0
1.4728116831071334,1.434242711290471,0
1.1277500807626752,1.3693018555888457,0
1.1570405559747778,1.2367192136806924,0
1.2903638992581208,1.262015735882742,0
1.0457042334571236,1.3248159841708478,0
1.4794714155967101,1.198762210066531,0
1.0314897122921145,1.3589171314026605,0
1.2237065427470804,1.1868977994986154,0
1.330856366134104,1.0464292555958346,0
1.024464642429881,1.3174320650475075,0
1.4718695546959422,1.410843285060009,0
1.1170547723294155,1.099260207050468,0
1.3191642402615036,1.3406611129061494,0
0.9415812303752057,1.20378375309591,0
1.0457560355551625,1.1356507857269535,0
1.0237344732139586,0.9991029585382996,0
0.964731338157058,1.1344735687270817,0
1.065399188893128,1.246347511264787,0
1.0933343608695938,1.0819006844421095,0
0.94374564540071,0.9365046782181942,0
1.053602229396166,1.0268478100322311,0
1.1963893140613382,1.1212729668169867,0
0.8004902310813358,1.1637250252404432,0
0.917082702796294,0.911465366090152,0
0.7493618618747334,1.1568342486088505,0
0.6540071835714275,0.8639112022780997,0
1.0278036052707977,0.7490159417218746,0
0.8904197601918777,0.8488670857700468,0
0.6267005343413667,1.037679167439852,0
1.0184382049534912,0.9561404133923707,0
0.7634146099015611,1.0455192454901405,0
0.8504253462852535,0.8113081175779836,0
0.8261391614480402,0.7357203255127819,0
-1.509245074205582,0.7509908086701627,0
1.0027873478708293,0.8534691861426204,0
0.8237624036808372,0.7737491493859203,0
0.6027171968049139,0.8733378657934207,0
0.8977646051238725,0.7120091842596551,0
0.6535132325624738,0.6240000602509036,0
0.7704365184720048,0.7236705251298361,0
0.5503106554562996,0.7456792672135272,0
0.6934249652173408,0.7574980054501382,0
0.8586357153945604,0.6955352651882801,0
0.7304421045653805,0.6735919008737519,0
0.914511507519869,0.49449387017225177,0
0.49148576257065363,0.4701838129863516,0
0.8777086166473503,0.7928350493097945,0
0.7037791619609642,0.6235132766176676,0
0.6972564208708801,0.6841205639212949,0
0.6053704016935721,0.7812410873506017,0
0.6463973965777114,0.557360793766675,0
0.66378474805434,0.5609149962975623,0
0.7516078395082384,0.4628331513277728,0
0.8180119983172012,0.4111243710752117,0
0.440511728074505,0.695814001809317,0
0.6371218054499237,0.5233560281054991,0
0.4622648791052105,0.6371762075168088,0
0.6486118164856086,0.37435791927179224,0
0.45847956767328946,0.37426288631850707,0
0.5971273915432994,0.46075774778539375,0
0.8063573932040072,0.34692427575445467,0
0.5291569970933503,0.29723122285167775,0
0.6540021345433013,0.26445674676518083,0
0.5704644489388832,0.39815946746528846,0
0.8074365152810412,0.2531105942458465,0
0.361571157582561,0.288928309767845,0
0.5154228674978335,0.4480351155454692,0
0.543801506334467,0.34808084320920424,0
0.29531682104764556,0.43556087691255496,0
0.5987306752097198,0.5149591978201296,0
0.29392332074706307,0.4663206691626006,0
0.5304700350322589,0.29800221895311996,0
0.6176891047176557,0.4450613893719216,0
0.34008760996251775,0.3962997386607622,0
0.6396316750251556,0.31260498515900687,0
0.5171385637300507,0.27296290682507784,0
0.726172335865164,0.2706946063063027,0
0.4873187291212157,0.5050290550842282,0
0.42383775642547017,0.3188848125904003,0
0.5038070924278426,0.2604432507610568,0
0.2691489550283051,0.1819135875477164,0
0.5892674576213983,0.36531193705731646,0
0.4948719498823083,0.2322664687541816,0
0.5038070924278426,0.24792359469703573,0
0.5595532259961338,0.4693181630268098,0
0.25598355759692054,0.05995479883719299,0
0.46975695520649013,0.07655385953295744,0
0.4904756211256344,0.2228842825689936,0
0.6637241927788733,0.20003535729650576,0
0.4944864789217466,0.2476995988949766,0
0.2978679328624979,0.3619660202884696,0
0.47714414982342634,0.19784497044095145,0
0.34954782890299924,0.0035967168175999016,0
0.2141395221636713,0.054112307580720324,0
0.6480435391912772,0.28796910993347546,0
0.47714414982342634,0.19784497044095145,0
0.3984975230758187,0.41403560663748135,0
0.3840596089791781,0.3871956402028372,0
0.649215744533867,0.12444814872239458,0
-0.2427553004958115,-0.4531771448881439,0
-0.13962332512856254,-0.7023782724690342,0
-0.499723285437895,-0.2239489732986079,0
-0.3019838656664734,-0.6437809703749372,0
-0.2560867717980196,-0.465696800952165,0
-0.2107720811175743,-0.4479845809781955,0
0.009146753534163323,-0.5796474176521433,0
-0.0057584740252794656,-0.6674097237777966,0
-0.28274971440243585,-0.47821645701618604,0
-0.17134146553086801,-0.450027343398481,0
-0.10676653363041733,-0.35537679349285317,0
-0.17750063406846614,-0.28812553492107507,0
-0.32274412830906013,-0.5282950812722703,0
-0.15556788372272748,-0.618984101636968,0
-0.4297303134850671,-0.5426439110438175,0
-0.08538337212259448,-0.7646106531958157,0
-0.4160644274245169,-0.6034130176563967,0
-0.2841664141293784,-0.6363611066930542,0
-0.19055731201823403,-0.7153670675890174,0
-0.5383836487404885,-0.3972052889122327,0
-0.4693903126333493,-0.653491641912481,0
-0.24828668765012385,-0.4741449738462668,0
-0.2128845215358011,-0.7449055072956686,0
-0.4191470803313803,-0.4724080429614754,0
-0.5627106117488061,-0.7286095782966073,0
-0.7115947872220872,-0.8909467737136028,0
-0.4840671248293195,-0.5445506472757708,0
-0.7708036712749804,-0.4904264487772056,0
-0.6560309108642628,-0.7912078586167126,0
-0.5088490336278549,-0.6709816768022479,0
-0.45727648779355284,-0.7564417732962663,0
-0.8382299367910854,-0.5670695762361716,0
-0.7360197386775115,-0.8663257950008391,0
-0.49957055503669784,-0.8530090714028018,0
-0.9993496257076919,-0.7659864127857892,0
-0.8977885795925307,-1.115574966135892,0
-0.8293400377929684,-0.9414437313849654,0
-1.0719021985563535,-0.7540141796847399,0
-1.0624239444015502,-1.0140245582157523,0
-0.8566680264425132,-0.8457694564643832,0
-0.9093288656062171,-1.0165616677690918,0
-0.8476104633956754,-1.1184274116468234,0
-0.7451493853896244,-1.2123157711511015,0
-0.6822403786730048,-1.172661592193997,0
-1.0026491647216738,-1.0791599480891971,0
-0.9014479320840354,-1.2573530729487805,0
-0.9194525894737445,-1.3295530693696185,0
-1.150134175885475,-1.019032023643067,0
-1.0693065212327144,-1.1292385723452814,0
-0.9289994603113961,-1.2399737070611503,0
-1.335198824898782,-1.2866943705140574,0
-1.2028640751367627,-1.1065681113521202,0
-1.162626820348171,-1.1918368526653866,0
-1.3199130878857945,-1.1966932372683452,0
-0.9366116200403745,-1.3775608436074307,0
-1.1748801637011603,-1.0434077205093348,0
-1.1892897629525874,-1.2168761647934287,0
-0.9345831288301407,-1.3644993255612683,0
-1.0676332092139493,-1.3669418528689408,0
-1.1328971019526388,-1.0692235042103988,0
-1.2559471194636278,-1.266954789049513,0
-1.022692197807699,-1.301367496310648,0
-1.1943836440141804,-1.3424276927380914,0
-1.1157614645186469,-1.4549940800503758,0
-1.3359359472768766,-1.3295530693696185,0
-1.1010810117644936,-1.2397944180745197,0
-1.574029317671101,-1.3933423245396444,0
-1.4625420293057916,-1.2025350289765158,0
-1.375930361183501,-1.3545923814976606,0
-1.312696778467675,-1.4926621683127275,0
-1.152290966909171,-1.164184690445125,0
-1.17224742768691,-1.3639480588134918,0
-1.389261832485709,-1.3671120375616816,0
-1.3329127895268817,-1.4256228267040345,0
-1.1674051922775053,-1.5112147186190115,0
-1.1518094093691986,-1.2804396342261681,0
-1.4159247750901252,-1.3796316936257027,0
-1.6526495713022906,-1.2530582287233647,0
-1.508258449342625,-1.392188797232977,0
-1.5928718792291934,-1.5277920252605564,0
-1.4425877176945414,-1.4046710057537448,0
-1.6714235424405328,-1.574226738516996,0
-1.3229557615766285,-1.2545719840939622,0
-1.4559191889967495,-1.429710317881787,0
-1.2217964097560863,-1.5620911178948762,0
-1.4288382341102113,-1.3566095309551771,0
-1.295636081366629,-1.5057170171381045,0
-1.4825821316011658,-1.442229973945808,0
-1.453334909947759,-1.3265983090978457,0
-1.50910962245771,-1.243974815115992,0
-1.495913602903374,-1.454749630009829,0
-1.3259873928097832,-1.485542626766491,0
-1.6922119468858356,-1.5263119527726332,0
-1.495913602903374,-1.46726928607385,0
-1.6895900757540672,-1.5905632646291858,0
-1.495913602903374,-1.46726928607385,0
-1.705370322364656,-1.3885135895971032,0
-1.7225818344011021,-1.5767816372496366,0
-1.5062509164051108,-1.248077432542201,0
1.8236227513464456,1.3746926404589315,0
1.781552571365888,1.234407499877353,0
1.8102912800442374,1.3371336722668683,0
1.7952326006510277,1.1011632191855285,0
1.6387469266263686,1.3805398669497992,0
1.7569653948354047,1.262015735882742,0
1.777066615260964,1.1132575111710152,0
1.7036395096265722,1.1868977994986154,0
1.6418128197407695,1.4259547215114698,0
1.583856450613479,0.974026924756663,0
1.663645095719948,1.1368191752425312,0
1.6816420433864883,0.974281114088055,0
1.728272523754834,1.2604631137406799,0
1.7151491940477728,1.1772935888564122,0
1.6103192105111155,1.074220894922426,0
1.6403881760567076,0.9916199410789569,0
1.8523766605683736,0.9865087407862133,0
1.678931975240026,1.2860963674917478,0
1.5436618540000748,0.9865833024742785,0
1.3182727699747985,0.9056945534452675,0
1.4649784838511526,1.0467365873617147,0
1.557918136132253,1.0376287450258403,0
1.4903359687912425,0.9365046782181942,0
1.3927868005963775,0.6863974689492898,0
1.619017930211597,1.167164441680297,0
1.4429019113266555,0.8248218810318051,0
1.4103471409779937,0.8613867418340678,0
1.2990271901736725,1.0538897540750112,0
1.4733991757176264,0.9755394178955361,0
1.6056977853274073,0.9201024106408322,0
1.3570212557691614,0.8113081175779836,0
1.5556561067407266,1.007011515476558,0
1.4598202256478998,0.5849821156921716,0
1.302007767337643,0.6956036498032399,0
1.3303583131647452,0.7862688054499415,0
1.4193731296348846,0.6735145544385883,0
1.3552836216677135,0.8351216805098148,0
1.1376876231678434,0.7336080493297562,0
1.2503694853514966,0.7361901811938572,0
1.4803789395078424,0.642596552046041,0
1.0105874684136416,0.746546714369697,0
1.1180741230214954,0.8515240835498554,0
1.183712128840456,0.698631213001794,0
1.3069500269098218,0.7748231504601071,0
0.9969014887596006,0.5196815677678959,0
1.2200706585777121,0.7589088401085405,0
1.1303862436316237,0.6610722448097308,0
1.3727964540181974,0.595085328150357,0
1.365351617985477,0.8855712472766852,0
0.8875204784732231,0.5595172484356435,0
1.0903918297249993,0.6485525887457098,0
1.0952231051985315,0.5534405519231026,0
1.3121369915036003,0.7605973673738607,0
1.2429867651762736,0.6439895466953385,0
1.0370659445161667,0.6109936205536466,0
1.1628049576501898,0.5050322870334412,0
1.1512327093007417,0.5294849176870088,0
0.973390070375998,0.5728574522730392,0
0.69898930176955,0.7217397196087066,0
0.9516336627334828,0.6862320441045882,0
0.8698633385451107,0.6438782475789122,0
0.917082702796294,0.5233560281054991,0
1.04157956475719,0.7600022915951918,0
0.8569802699470052,0.5222766787594384,0
1.0033348150050871,0.7083254476080878,0
0.8237624036808372,0.43571843565735163,0
0.8615894059138378,0.6228011254036575,0
0.9250811284414678,0.48939514972306575,0
0.623135050605707,0.3390435923280641,0
0.7304421045653805,0.3606004992732253,0
0.71634268945663,0.32293353114450174,0
0.6557597259906034,0.3023920243941918,0
0.9096110857041335,0.4993907793995309,0
0.6371218054499237,0.27296290682507784,0
0.8693374863918485,0.3127892235412691,0
0.6321915502010788,0.14824897886353694,0
0.7991097757587372,0.05077669531511145,0
0.6237903341477156,0.27296290682507784,0
0.3892341569072151,0.3743163790529718,0
0.7207699448270601,0.49704134224491536,0
0.7332420989516795,0.10524728024601963,0
0.6237903341477156,0.24792359469703573,0
0.8038290968691414,0.1306873349839892,0
0.35977938170986046,0.3617782405962931,0
0.5974641923683751,0.35885805798701387,0
0.6104588628455075,0.23540393863301465,0
0.35007586608440794,0.44042031493443107,0
0.5861060214516715,0.35905447899619886,0
0.5399799688956322,0.4383146774242299,0
0.5038070924278426,0.08516806586476187,0
0.5522735435627729,-0.05458395546089772,0
0.7567338426166196,-0.11966148449187704,0
0.665084688755897,0.17001174025353083,0
0.34382943680134526,-0.10262677509555408,0
0.3073237670820681,-0.07458955069639707,0
0.5355440911295081,-0.11697349392789233,0
0.43447031815601056,-0.31071711832513627,0
0.2771720802903047,-0.17774471147968046,0
0.3175439560094766,-0.40302487701037365,0
0.06721185752758847,-0.4010642861006987,0
0.5187009725721997,-0.2976545369845844,0
0.19718325246372462,-0.25286264786380686,0
0.30988167528099037,-0.055860533959942345,0
0.2994638580900184,-0.23708219416937323,0
0.06308725548501123,-0.35130976957403076,0
0.11719442465047596,-0.3154609281839122,0
0.27580436838780925,-0.0905575654898123,0
-0.12556318626735974,-0.19076502508419804,0
-0.11010806784551877,-0.12568855158542147,0
-0.0027888170693970067,-0.4156181766960807,0
-0.15121530218913184,-0.4457593713628409,0
-0.18587699226043922,-0.5160314445377683,0
0.12733177298838202,-0.6243202469720935,0
-0.06944617356710608,-0.465696800952165,0
-0.30528102607934543,-0.4264748432144176,0
0.13268645690316092,-0.24085634301956563,0
-0.06799267191368963,-0.6967864512185553,0
-0.12277205877593853,-0.5032557691442282,0
0.07528705464994892,-0.3718074786863354,0
0.030934288789027597,-0.7466703180773525,0
0.013767159366912958,-0.7228369511779693,0
-0.16276647268256286,-0.5408147373362914,0
-0.3503983967198437,-0.7739012026348191,0
-0.32383621870811813,-0.6711448567474207,0
-0.19663624589568818,-0.3383945388263106,0
-0.2427553004958115,-0.6034130176563967,0
-0.1987915065997935,-0.7510590667342558,0
-0.05288450467253891,-0.7294080500352477,0
-0.0479940115100502,-0.617942098800536,0
-0.2960811857046439,-0.653491641912481,0
-0.27841125009706097,-0.5573572149206489,0
-0.14042505314973477,-0.7004621764170107,0
-0.3964443945906015,-0.7354534391446556,0
-0.3627385422156844,-0.7035702661685652,0
-0.2049836949254571,-0.6643657436794422,0
-0.6056095355771857,-0.744386195092047,0
-0.4127643323548671,-0.6582746201412359,0
-0.4160644274245169,-0.7786882025526916,0
-0.3355240106527129,-0.8752286803008273,0
-0.2107129680406732,-0.9724344728540482,0
-0.26502865486875904,-0.8341104770517289,0
-0.4960532552377655,-0.841286482872797,0
-0.3259046194107863,-1.059744277169486,0
-0.26120068832788884,-0.8150151771196888,0
-0.5926497944880681,-0.89355695023327,0
-0.5360476691443898,-0.8788454510648601,0
-0.4131440026589505,-0.8820800382945164,0
-0.677646742407967,-0.9369730018918132,0
-0.6826752136721338,-1.0203927354828275,0
-0.6160364969576385,-0.9664830435130075,0
-0.36144287585045626,-0.932708447346689,0
-0.41153568849514893,-1.0883175262611446,0
-0.6047373995233662,-0.9539229707441013,0
-0.6560309108642628,-1.029081323833113,0
-0.5233749834283868,-1.0145821309890917,0
-0.9081863961103668,-1.0847784592432594,0
-0.6844638673142552,-0.8657196458367746,0
-0.7360197386775115,-1.1167189162812603,0
-0.6420640180458803,-1.0028526751773428,0
-0.4898308162039407,-0.9026813077482445,0
-0.842334970100197,-1.0968599905693028,0
-0.8026770951885521,-1.1667975405373445,0
-0.64355361585768,-0.9695962374031427,0
-0.7237335969721953,-1.2741767376264563,0
-0.6481760718307493,-1.1968505767939643,0
-0.8959973943040089,-1.2419154769214709,0
-1.0054174937973916,-1.0585332185377008,0
-1.020401036485083,-1.0919052178704305,0
-0.820521143410839,-1.0440273281784715,0
-0.9759862221172576,-1.2919941011775553,0
-0.8553896704595121,-1.2491874678156678,0
-1.2170207333169345,-1.5154299553593786,0
-0.9939657047565037,-1.2869777566849634,0
-1.0426435786282982,-1.3170334133055974,0
-1.117846529960387,-1.5668547431140907,0
-0.780836272803066,-1.5672265468520175,0
-0.7779984652981948,-1.5579875652503592,0
-1.0826379925349225,-1.3295530693696185,0
-1.012707419200098,-1.2724976564416366,0
-1.1921767794510145,-1.3055018009863553,0
-1.3076281237493386,-1.2579126890551862,0
-1.1759582916503792,-1.3545923814976606,0
-1.0983841463073205,-1.5267191345546658,0
-1.3161914396952448,-1.4092540900207227,0
-0.9851513698708745,-1.1431176642457168,0
-1.2559471194636278,-1.3796316936257027,0
-1.1990330510229494,-1.2351075821657738,0
-1.3538714048651825,-1.5579506748318008,0
-1.2589651083355693,-1.4232750005787613,0
-1.3092730046724603,-1.3921513496897238,0
-1.3539316577828802,-1.440706012551587,0
-1.5570727953531047,-1.2510222797503021,0
-1.3637749216227757,-1.5962542645918592,0
-1.3492674185790847,-1.4046710057537448,0
-1.111148130071557,-1.4748746290863044,0
-1.554801956525342,-1.5977165103415125,0
-1.5070454520975154,-1.5631406844815192,0
-1.4159247750901252,-1.4046710057537448,0
-1.4240774790536292,-1.5693052892614723,0
-1.209394975887172,-1.2445880892163226,0
-1.421456982396552,-1.3280135610664972,0
-1.4559191889967495,-1.429710317881787,0
-1.6188013042853553,-1.584466013094926,0
-1.6691626248937133,-1.5334762095224679,0
-1.509245074205582,-1.454749630009829,0
-1.5755559724404207,-1.4034458071720075,0
-1.6752560218177535,-1.578650869474688,0
-1.5359080168099981,-1.454749630009829,0
-1.3350258237288404,-1.5194802581507585,0
-1.5317466340379864,-1.286152728877863,0
-1.5492394881122062,-1.46726928607385,0
-1.3145880876383766,-1.557772453771833,0
-1.6264216692682907,-1.3274917868725105,0
-1.7161516938439978,-1.251015686899419,0
-1.5359080168099981,-1.46726928607385,0
-1.5091688608504414,-1.476666277002727,0
-1.4732668846788424,-1.4817587960906746,0
-1.6429472544427373,-1.2955240620236022,0
-1.3226044759746685,-1.2919941011775553,0
-1.1818050571552172,-1.2140995041409604,0
-1.34435864153034,-1.4986834893849248,0
-1.1154173189860865,-1.2752219060579242,0
-1.282610062068044,-1.254435132985492,0
-1.412737312288919,-1.1080740405605154,0
-1.0205397233810958,-1.122255323405658,0
-1.2757709919602158,-1.402032714844027,0
-1.24261564816142,-1.2419154769214709,0
-0.9826943282503984,-1.2329971187037496,0
-1.1601010983204136,-1.3359745123897937,0
-1.1893142891269715,-0.9980813695247223,0
-1.0559750499305063,-1.1417582284093024,0
-1.1230087081494615,-1.2499498385000645,0
-1.1144549836638984,-1.178411197918671,0
-1.2343429113631226,-1.18082822018301,0
-0.8959973943040089,-1.054120635961155,0
-1.1184117218190002,-1.1440257106433573,0
-0.76364214847138,-1.2345897879704502,0
-0.975947977592274,-0.8408456860646255,0
-0.7226882673753033,-0.9414437313849654,0
-0.7128627121286826,-0.9369807715903665,0
-0.5878467561372716,-0.808860264556674,0
-0.679789868406949,-1.1374164815459809,0
-0.6560309108642628,-0.9038847631929022,0
-0.789461779129394,-0.7713065928051088,0
-0.7936142158175886,-1.1056811397923185,0
-0.6812464741601434,-1.0007085865482581,0
-0.6027050256554304,-0.853806138936818,0
-0.39791931925182705,-0.7222882639801284,0
-0.6526871826889291,-1.0286684280800527,0
-0.822398212703784,-0.8322647104180383,0
-0.549379140446598,-0.8287668268087759,0
-0.6701141165036864,-0.803752433678967,0
-0.49835998798549186,-1.0691608231751522,0
-0.5467537675372627,-0.8482998662489766,0
-0.5227161978421817,-0.7786882025526916,0
-0.3876951244839217,-0.634908134127451,0
-0.5008337403386159,-0.6346044524672961,0
-0.5917113671599395,-0.7225228287506401,0
-0.5093847265399736,-0.7536488904246494,0
-0.515916833255277,-0.6610697057211407,0
-0.4006167395648356,-0.7642136595342984,0
-0.6384358042718403,-0.5506832008598243,0
-0.4827217839355574,-0.6785309540405231,0
-0.6313809352383785,-0.7684586737758278,0
-0.638726422214031,-0.5089265710205765,0
-0.7023641380838357,-0.59972867017081,0
-0.4427273700289331,-0.6034130176563967,0
-0.22909142948714858,-0.609431384340156,0
-0.46346074349384747,-0.3826923761527207,0
-0.2189552077652194,-0.3914026569354787,0
-0.37607001351789254,-0.5282950812722703,0
-0.4413369283678115,-0.7209175618304186,0
-0.281861088518448,-0.5327697663507559,0
-0.34856885692170014,-0.751386840719754,0
-0.3494070709134764,-0.47821645701618604,0
-0.4432032371636948,-0.24256146120790523,0
-0.1669262922062497,-0.5471467498240736,0
-0.517451262005457,-0.6870903881164934,0
-0.33607559961126826,-0.465696800952165,0
-0.2628798964564666,-0.32522242288965814,0
-0.5717220476383087,-0.42598659227749086,0
-0.3592534740482342,-0.6453691750070886,0
-0.3627385422156844,-0.465696800952165,0
-0.45570952172125384,-0.4119526015583861,0
-0.18141633075590538,-0.42091693783741285,0
-0.16352061455018063,-0.6614898006520273,0
-0.549379140446598,-0.5533343934003124,0
-0.3137680596130899,-0.3459413297860881,0
-0.5840581755619578,-0.7402527775591687,0
-0.3105007035707199,-0.6625067557881619,0
-0.6960253247708872,-0.6409719858484598,0
-0.9230785141008473,-0.7901493049201604,0
-0.8601308383851979,-0.8615466832174663,0
-0.4733644672891899,-0.8577226282638784,0
-0.7626826812819277,-0.7160899222325863,0
-0.7502265898471362,-0.6213174368863299,0
-0.5976502267351625,-0.8940122806093798,0
-0.7892134379489971,-0.7027831784279873,0
-0.8026770951885521,-0.7411292343606284,0
-1.0515268726822733,-0.9530416195082999,0
-0.6456891705141652,-0.6534245359299949,0
-0.9048990443275055,-0.9143478055899549,0
-0.8426715090951764,-0.7912078586167126,0
-1.0291421513308232,-0.9072863895517131,0
-0.6481685731447713,-0.7300521773255891,0
-1.079704186438351,-0.723438579243836,0
-0.8693344516995928,-0.8162471707447547,0
-1.0266142376091838,-0.6731969012407121,0
-0.6410669301109867,-0.6234897908925168,0
-0.7465805805586285,-0.8331208036233203,0
-0.8826659230018009,-0.8287668268087759,0
-0.8255421065236831,-1.0705858228228184,0
-0.629251347748448,-0.650704892670763,0
-0.76232814960002,-1.0075875443741336,0
-0.8826659230018009,-0.841286482872797,0
-0.9877487962835486,-0.7999085825200141,0
-0.6796224143289016,-0.5924577393158922,0
-0.9234248617258372,-0.9791852461781669,0
-0.789345623886344,-0.8037275146807337,0
-0.7425243536326397,-0.8687681719474423,0
-0.7864853192570209,-1.0223109476071188,0
-0.752748559998925,-0.6839141695265525,0
-0.6027050256554304,-0.666011297976502,0
-0.5365534692983518,-0.8171137923548036,0
-0.44278244140367956,-0.9055289315640356,0
-0.841194442333142,-0.4282851563104765,0
-0.40273295612230875,-0.44065748882412287,0
-0.6490666775715404,-0.6543394377157064,0
-0.406736913948819,-0.21186842639312076,0
-0.6124436637086021,-0.6277474647598649,0
-0.30941265700685205,-0.27790195999184897,0
-0.0635216973962599,-0.19149760036432473,0
-0.2964646306815118,-0.031280480312698415,0
-0.48690305792932564,-0.09486293774440553,0
-0.12277205877593853,-0.05254815083946983,0
-0.25694702524483787,-0.30283711133576274,0
-0.26192480158965725,0.1775021557028382,0
0.07546715450840366,0.12661495148804344,0
0.02387412553501921,0.17280565831290934,0
-0.23662203940633905,0.4075841015443616,0
0.0958216703957196,0.3898883619448485,0
-0.06655597218018476,-0.01550240651724497,0
0.14385736725489218,0.34808084320920424,0
0.23021989432183917,0.43427348055429515,0
0.32446834246767986,0.491485317445448,0
-0.004160242426560771,0.5716800488554885,0
0.2238461950814723,0.4482380917213727,0
0.41655726490511613,0.501867855324095,0
0.16263201088587298,0.362101748634184,0
0.30867501928352026,0.5359004923687973,0
0.29050355159251284,0.5358756841695201,0
0.505107248565976,0.35939159877975224,0
0.26178475373318266,0.40256366274864713,0
0.5548913801913812,0.7066315978613852,0
0.3704923794057615,0.6109936205536466,0
0.16675630022545931,0.4659106354029166,0
0.14143373523470235,0.7878756107855002,0
0.4706144605038142,0.6192740266761834,0
0.437149735916802,0.6735919008737519,0
0.5346562138076338,0.5472583715491804,0
0.2042664016939061,0.8779909475826491,0
0.3131592650939907,0.5942125166971535,0
0.5038070924278426,0.7236705251298361,0
0.37000095431067537,0.759037697416614,0
0.6246763120015587,0.7851549094901342,0
0.7303842791752925,0.7543282249681317,0
0.5704644489388832,0.7612294933218993,0
0.7681487146804363,0.6331536769532793,0
0.5406895867153391,0.5774769001314481,0
0.40350915602515713,0.7578745138244208,0
0.6104588628455075,0.7987884615139625,0
0.7832359332875213,0.6385115996041454,0
0.487907836306198,0.7484047093270549,0
0.8088663225105681,0.8081762406051042,0
0.6771162193565481,0.8363474297060257,0
0.555383867404786,0.6800431217706789,0
0.5037561807387719,1.075413351724035,0
0.5812569753935228,0.9700148044123472,0
0.7171106332631724,0.8613867418340678,0
0.5155797881137757,1.0592888536242788,0
0.6468911620125848,0.9032145829762215,0
0.49246368958178877,0.8051420642738238,0
0.7837679897742129,0.898945710026131,0
0.9019910057480544,0.8954954444279217,0
0.9463276139724092,0.7943668854424832,0
0.6017815177595943,0.6634349777138897,0
0.8637568175874616,0.9365046782181942,0
0.8213760648518388,0.9039144258659618,0
0.7162200264558637,0.9787867475059377,0
0.7556978053218548,0.886561352132442,0
0.94374564540071,0.9865833024742785,0
0.9640698581471882,1.0234329038238403,0
0.7681321379290751,0.858988299866097,0
0.6786564718266517,1.1186770677130948,0
0.9837400593073343,1.0241422706663417,0
0.8669675843337626,1.1496534423760578,0
1.1128813420401027,1.2677807717079252,0
1.1588767159149405,0.7979030961008373,0
1.0770603584227911,1.074220894922426,0
0.820595295103386,0.9388758759122111,0
0.9619829733595594,1.0738310991867694,0
1.2293379320672395,1.1503837571070856,0
1.1303862436316237,1.111779863114489,0
1.109472220065108,0.978973708037018,0
1.2336571555933429,0.9563240779987954,0
0.9301182037038982,1.0831731353357466,0
1.183712128840456,1.1618584873705733,0
0.9409340082405787,1.0345221387283328,0
1.032045596917353,1.310891923794172,0
0.9806029276096239,1.2723448276000446,0
1.2370380140492885,1.2119371116266575,0
1.377537577950028,1.196641541206866,0
1.4649491506148462,1.0950497789847986,0
1.2085048130673008,1.1939981049688992,0
1.2637009566537047,1.2369764237546998,0
1.0778990551471432,1.307022504743212,0
1.0736715733406386,1.3980937868901366,0
1.1432340222254156,1.0382113166728189,0
1.2770324279559127,1.249496079818721,0
1.0672831717537756,1.2180109481489672,0
1.300559166866336,1.29194555693949,0
1.4096893128580579,1.130878675686431,0
1.303695370560329,1.274535391946763,0
1.3450096729157053,1.2437488932671878,0
1.2059749453519126,1.3080856356260213,0
1.1415925185639189,1.298107296596153,0
1.317026841862537,1.2995747040748051,0
1.5290207389515518,1.1750775264773676,0
1.5546239722341855,1.3199610757605358,0
1.5322191948839936,1.4586447366178519,0
1.3436897844669533,1.3246140162028472,0
1.2124441481864503,1.392157556912344,0
1.1131273619447166,1.2592980865039347,0
1.2903762708634894,1.0874172799619655,0
1.3703527270713696,1.3746926404589315,0
1.60163828032594,1.5773421109296264,0
1.3243867020306594,1.216991695655945,0
1.5400664228472258,1.3818510918442493,0
1.3836841983735777,1.4247712647150157,0
1.2349671171619336,1.394655407328198,0
1.1730146760400375,1.518132838907771,0
1.498916824953941,1.1753227688869468,0
1.4103471409779937,1.4623302329070789,0
1.4805500796043902,1.6199293673661663,0
1.2625644488585062,1.6787984941043839,0
1.2325957513082988,1.5463592999114808,0
1.4636730261868263,1.5499678253552263,0
1.6889602345745938,1.5920039314767913,0
1.4757394261838712,1.5011885273124688,0
1.3568514345550695,1.3037817776238287,0
1.5169989113956588,1.6000464496113107,0
1.6450236419459914,1.54887502964816,0
1.6990870934709126,1.5251145140014306,0
1.771277926444448,1.4234727172242962,0
1.5436618540000748,1.650125073867395,0
1.7755526947130322,1.527688552784262,0
1.4499455102009078,1.473280282162835,0
1.4334348789378208,1.4586041028221304,0
1.556993325302283,1.6626447299314162,0
1.7731099892235358,1.4262098958894012,0
1.3402268250781961,1.710973186395549,0
1.570324796604491,1.6626447299314162,0
1.8301104638623682,1.6299273969355026,0
1.6327822103959255,1.4852410207172588,0
1.4633476223032522,1.7744421023778305,0
1.5969877392089074,1.6626447299314162,0
1.8418904611951337,1.7223485296197658,0
1.82823930521054,1.524285297117411,0
1.4356328519428871,1.7154592746271706,0
1.6236506818133236,1.6626447299314162,0
1.655440097727114,1.4576897560327724,0
1.5741769545665012,1.446320223180935,0
1.3845893331517378,1.4886739417091537,0
1.6369821531155317,1.6250857617393528,0
1.5921346130539666,1.4994000581367208,0
1.8053694794811777,1.674382628623625,0
1.6503136244177399,1.512408857163163,0
1.570925067430227,1.736996095286536,0
1.857546401167859,1.287562190607925,0
1.473822712561456,1.559685137944329,0
1.6503136244177399,1.4623302329070789,0
1.4968392204701153,1.5688652546271058,0
1.746682637713678,1.437510059830919,0
1.4145627495095274,1.3185743590927717,0
1.5969877392089074,1.3246140162028472,0
1.7827574137500022,1.524393394331799,0
1.593070433012938,1.117104894375337,0
1.3785568647843605,1.3475206049203834,0
1.4503415548846181,1.1242995191785101,0
1.7057139985455547,1.2936594701862147,0
1.24192800398873,1.2799304634218884,0
1.2645473211070908,1.2630641510366167,0
1.3836841983735777,1.074220894922426,0
1.6024231413696206,0.9476658668411974,0
1.2247190713253508,1.046030838574619,0
1.5058201794163886,1.0265176255121546,0
1.2903638992581208,0.9991029585382996,0
1.490926406323746,1.2433651579214422,0
1.526289720397938,0.8210951821788816,0
1.323764413346865,0.8799318856370208,0
1.1170547723294155,0.8739063978980889,0
1.1784166555356224,0.6973037358410211,0
1.3488852813356798,0.9309282133274505,0
1.2598901967762148,0.9881710609058878,0
1.0237344732139586,0.7987884615139625,0
1.1096537040502392,1.0009162872439143,0
0.7664098635489732,0.5616377348839194,0
1.071314047687251,0.9472466239981024,0
0.8104309323786292,0.6485525887457098,0
1.0709834390639654,0.40944819081989847,0
0.5877515532172223,0.4326051069305206,0
0.5989656398584418,0.6028755038531467,0
0.6237903341477156,0.5358756841695201,0
0.5594090170713929,0.7529176339422363,0
0.651318200346662,0.31136079788972076,0
0.4234039222198919,0.6482473552741859,0
0.4904756211256344,0.4231987795933306,0
0.5366507812227332,0.45347594410997055,0
0.6564851945297444,0.29300424918414364,0
0.7265534395690418,0.33639130982631893,0
0.3838238507079696,0.34808084320920424,0
0.2687192718429462,0.1363389867318237,0
0.6451098825404993,0.29800534511123916,0
0.49794174858454215,0.5283561521316944,0
0.14385736725489218,0.1853253143769304,0
-0.05738924126102471,-0.0647905770230613,0
0.11254247286380777,0.35504322776640707,0
0.3552334518482482,0.2842791369908295,0
-0.016120288371605115,0.06012875373671975,0
0.10225106756332114,0.01723725967965808,0
-0.21746439305671933,-0.16971558549605623,0
-0.1993715953110692,0.044389800711513036,0
-0.16276647268256286,-0.09010711903153303,0
-0.03190340508798746,-0.3261068681080625,0
-0.04503922984984116,0.03201218360096336,0
-0.1692269406037884,-0.07204879667117736,0
-0.2294238291936034,-0.17774471147968046,0
-0.17184896891360343,-0.03071343168711652,0
-0.20723924548856,-0.3535714316703745,0
-0.07746740122748058,-0.3654008296429447,0
-0.32274412830906013,-0.3029412721198911,0
-0.26390016702006647,-0.1798026488498846,0
-0.1224995984309762,-0.35629697243879205,0
-0.3287257844401427,-0.16178881471176274,0
-0.42939589872672496,-0.4531771448881439,0
-0.22982616259895638,-0.5318739519074832,0
-0.45841829844809123,-0.32365297583220465,0
-0.4617193196550524,-0.4751575926743269,0
-0.5893735543532223,-0.653491641912481,0
-0.6625879480974749,-0.8219937105308555,0
-0.5907232007789561,-0.6324498644790468,0
-0.32682085690487644,-0.7708398063177176,0
-0.8560029803973846,-0.9038847631929022,0
-0.7660924650311578,-0.6913404127243794,0
-0.9055015988342755,-0.8543093558706037,0
-0.7220108529243594,-0.8226768066278585,0
-0.9893176934194657,-1.0040420117050708,0
-1.1099192945052816,-0.9118384974352641,0
-1.1150168413215389,-1.1704346733951965,0
-0.9612891424854108,-1.1885089440446257,0
-1.02931210732609,-1.054120635961155,0
-1.157296824398512,-1.1807832959011555,0
-1.199203406029152,-1.0497548231889642,0
-0.9832628300467067,-0.9278504977867222,0
-1.1359638777437548,-1.1167189162812603,0
-1.0957647868247453,-1.2778083004893253,0
-1.0035918058612514,-1.2222691481151193,0
-1.3984600650849714,-1.1170765155930067,0
-1.24261564816142,-1.1918368526653866,0
-1.4143564848027819,-1.2882185334747411,0
-1.4629228867773942,-1.3152368201250295,0
-1.0335390625394782,-1.3721865871872805,0
-1.2959415333702522,-1.2293958208574498,0
-1.1134307481874186,-1.152026771814769,0
-1.3045665540310807,-1.2208277037740165,0
-1.1290109174098506,-1.3787591011412836,0
-1.389261832485709,-1.3170334133055974,0
-1.2962527539015078,-1.4697964875713805,0
-1.5831622060637758,-1.4782210179713813,0
-1.5629870692955816,-1.152170005318704,0
-1.4292562463923333,-1.3545923814976606,0
-1.5296981148251005,-1.138803280593082,0
-1.5485664621149855,-1.1085171704065944,0
-1.5971313309703985,-1.5857447958046174,0
-1.4692506602989577,-1.4171906618177659,0
-1.5067488055306872,-1.371140171798069,0
-1.2338981380187672,-1.493819105973707,0
-1.4513759968860838,-1.2791940436286338,0
-1.52257654550779,-1.4797889421378712,0
-1.3140254568887153,-1.5872844030130215,0
-1.359530153164063,-1.4449397420759262,0
-1.4869357541893553,-1.5251959756703986,0
-1.5625709594144144,-1.5423872224579764,0
-1.5759024307166225,-1.5674265345860185,0
-1.487779472345688,-1.3762596494614192,0
-1.6025653733210388,-1.5799461906500396,0
-1.3799823072407398,-1.3929095463207888,0
-1.5892339020188306,-1.5924658467140607,0
-1.6994187776278593,-1.3861203709548386,0
-1.614569931289007,-1.4635940659183204,0
-1.6760214549083057,-1.517539531177788,0
-1.4636494932909259,-1.6034347192727092,0
-1.1893816353206046,-1.5947910135138237,0
-1.3684593313426512,-1.4909235974781883,0
-1.3015711444054543,-1.493698084718364,0
-1.357371352021124,-1.589160950473111,0
-0.9912293785442203,-1.487611269569399,0
-1.2578767492820142,-1.5618652395121344,0
-1.125167331183944,-1.5032927259614548,0
-0.9403669672574526,-1.5041217187436307,0
-1.2773263320563364,-1.4146456223142754,0
-0.9781864036138599,-1.391326189174269,0
-1.02931210732609,-1.5799461906500396,0
-0.8922428175126574,-1.5057089469678058,0
-1.0026491647216738,-1.5674265345860185,0
-0.9626547508150495,-1.5549068785219975,0
-0.893031613340093,-1.4720601114978296,0
-0.8926468481476217,-1.5972336096796047,0
-0.8959973943040089,-1.5173479103299343,0
-0.8521765312445779,-1.5899503811421247,0
-0.9329926485754443,-1.5818899711671244,0
-0.8560029803973846,-1.5048282542659133,0
-0.7348900024698463,-1.5859330688964393,0
-0.7760141525841358,-1.454749630009829,0
-0.6129491104452598,-1.3063157601655293,0
-1.0088643758317026,-1.452074454941381,0
-0.8849279051999187,-1.5408281246490119,0
-0.6960253247708872,-1.4171906618177659,0
-0.6718284929202446,-1.5150768134207808,0
-0.575023790211182,-1.3279874225285666,0
-0.8189479594070099,-1.5669250359750277,0
-0.6160364969576385,-1.3295530693696185,0
-0.7348275018660871,-1.463901210640539,0
-0.7218371950461414,-1.5466285451537187,0
-0.6540254901650617,-1.5635081464027232,0
-0.5760420830510141,-1.254435132985492,0
-0.6023609405144351,-1.5045524312192355,0
-0.7435957426564301,-1.2392272588753357,0
-0.5389231345895074,-1.0904142017007488,0
-0.5227161978421817,-1.1667975405373445,0
-0.7172123944672142,-1.11058430045946,0
-0.4310106502580743,-1.39501066135563,0
-0.5846116750536654,-1.0642295032975915,0
-0.42939589872672496,-0.9790026995770286,0
-0.3746460469392579,-1.1185321166604008,0
-0.3554684365780484,-1.2169215911134914,0
-0.44175899088423,-1.1193751413478967,0
-0.33607559961126826,-0.8037275146807337,0
-0.2959687326111744,-0.5547375059348545,0
-0.15240194818143615,-0.796771714210655,0
-0.3763642616197188,-0.9725842635278468,0
-0.28274971440243585,-0.7035702661685652,0
-0.327991213439026,-0.7666815459061149,0
-0.3601799482458784,-0.8665994382501994,0
-0.4500980714828331,-0.7688513198615803,0
-0.20276088658918717,-0.5533343934003124,0
0.0023322021217637794,-0.7080203590118408,0
-0.28724654685490686,-0.42731627352371376,0
-0.44982677830818324,-0.7464222501065962,0
-0.13610353007814663,-0.4281378327601018,0
0.030424088116360926,-0.32626778086871877,0
-0.038511626585532505,-0.4027421506253423,0
-0.1106963578113102,-0.6026929446300121,0
-0.06944617356710608,-0.3405002403119543,0
-0.15061905533469375,-0.3332078291075377,0
-0.07196413307906828,-0.24180238444501875,0
-0.02404501929652286,-0.2943652536311225,0
-0.016120288371605115,-0.27790195999184897,0
0.17190512983895392,-0.10226355683696968,0
0.14056569642194708,-0.07998408745701208,0
0.11699176055694278,-0.1694426784024724,0
0.11719442465047596,-0.1276660872235962,0
-0.08823876530457514,-0.2541729766012757,0
-0.07613936351695105,0.018915671275712635,0
0.04807678197213107,-0.23132668743000978,0
0.18385178116151651,-0.040028494775448765,0
0.21412676674524406,0.18483172885211374,0
0.17969263950315098,0.1771170291478715,0
0.2333249041060764,-0.15897782027970084,0
0.2771720802903047,0.07264840980074082,0
0.16735639631560098,0.13470704928844612,0
0.10766305186151676,-0.10699266023135687,0
0.06215413022966584,-0.049833405520083196,0
0.3971553220101777,0.2604432507610568,0
0.6313517596295063,0.30817720271842697,0
0.5780841957414944,0.38541976605148276,0
0.5584414579454895,0.0768679897349932,0
0.4638126785212182,0.3355611871451832,0
0.5779664833825962,0.196704650770488,0
0.6694719098513213,0.1970799382654702,0
0.4758685167934387,0.28454680060206056,0
0.5971273915432994,0.46075774778539375,0
0.49298015651256893,0.46944948583075186,0
0.49316505762042434,0.2505925884356951,0
0.4659845187762939,0.502695132662997,0
0.7304421045653805,0.6109936205536466,0
0.5873578699370237,0.7010435361384258,0
0.5688360106525214,0.8386101083984419,0
0.8167278804723032,0.4761301540887745,0
0.797099461076421,0.6735919008737519,0
0.5794085647644364,0.7624061960143,0
0.7628789884461286,0.6999278603843127,0
0.9006642881198132,0.7355233374883737,0
0.8770882888896697,0.7487098372578782,0
0.8859134747930504,0.5256287966391304,0
1.063627684722375,0.5092533350225636,0
0.8632651414607707,0.7538270387225596,0
0.9837400593073343,0.8488670857700468,0
1.092011317528158,0.8678136123755401,0
0.8996083737346515,0.9469491941533998,0
1.0028957675276562,0.9294239408451419,0
1.0370659445161667,0.8864260539621099,0
1.0691255858870705,0.674020033298635,0
1.0578481059667735,0.7804740559738419,0
1.2814815710692418,0.6435183416457326,0
1.1037233010272074,0.9490243342822152,0
1.2235623430210547,0.7608743529958005,0
1.2355571568833335,0.976102852872631,0
1.1983668399899867,0.7432559374212666,0
1.1437177149338316,0.9865833024742785,0
1.391839190017557,1.0137343104992877,0
0.885808439596843,1.0441774460932234,0
1.3152727416609398,0.8469152256929212,0
1.2237065427470804,1.0617012388584048,0
1.1012498606305117,1.3094263645923447,0
1.3693701796389106,1.0672046123694916,0
1.4388338928476145,1.0935805472670612,0
1.2770324279559127,1.1368191752425312,0
1.2305871211906965,1.0982853518869766,0
1.2356320645541745,0.9916557931172413,0
1.3575576889778815,0.9869445064453988,0
1.3303583131647452,1.1994174555626365,0
1.4792065632557907,1.4467963845119836,0
1.4291490775435869,1.4077933879218056,0
1.4617955484176008,1.2130065331358528,0
1.3570212557691614,1.2244567676906786,0
1.0942695121219643,1.2258870427458208,0
1.2436545240424974,1.4312178609761892,0
1.3847611227575676,1.207469062216279,0
1.3570212557691614,1.2244567676906786,0
1.210916450896075,1.3852000184636104,0
1.1213945785806916,1.0692802721892303,0
